at,response_ms,encoding,wire_bytes,decoded_bytes,matches,computations,rolling_samples,connected,messages,price_ticks,reconnects,errors,superseded,journal_dropped,compute_ms_p50,compute_ms_p95,compute_ms_p99,compute_ms_max,event_to_result_ms_p50,event_to_result_ms_p95,event_to_result_ms_p99,event_to_result_ms_max,real_samples,real_latency_ms_p50,real_latency_ms_p95,real_latency_ms_p99,real_latency_ms_max,virtual_samples,virtual_latency_ms_p50,virtual_latency_ms_p95,virtual_latency_ms_p99,virtual_latency_ms_max,unknown_samples,unknown_latency_ms_p50,unknown_latency_ms_p95,unknown_latency_ms_p99,unknown_latency_ms_max
2026-10-08T16:50:53.522219+00:00,13.06,identity,62540,62540,26,2411,2048,1,3990,17726,0,0,0,0,0.6,1.958,3.672,29.004,171.518,207.271,426.641,578.981,1270,173.713,221.576,434.284,578.981,1041,171.567,206.554,221.558,550.317,100,169.331,202.58,420.904,420.922
2026-10-08T16:50:54.517784+00:00,8.091,gzip,9529,62540,26,2411,2048,1,3990,17726,0,0,0,0,0.6,1.958,3.672,29.004,171.518,207.271,426.641,578.981,1270,173.713,221.576,434.284,578.981,1041,171.567,206.554,221.558,550.317,100,169.331,202.58,420.904,420.922
2026-10-08T16:50:55.514503+00:00,4.953,identity,63332,63332,26,2412,2048,1,4035,17907,0,0,0,0,0.6,1.958,3.672,29.004,171.386,207.271,426.641,578.981,1271,173.713,221.576,434.284,578.981,1041,171.567,206.554,221.558,550.317,100,169.331,202.58,420.904,420.922
2026-10-08T16:50:56.515696+00:00,5.723,gzip,9628,63342,26,2445,2048,1,4050,18090,0,0,0,0,0.596,1.941,3.463,29.004,171.932,207.271,426.641,578.981,1283,173.727,218.351,434.284,578.981,1059,171.858,206.554,221.558,550.317,103,169.952,202.58,420.904,420.922
2026-10-08T16:50:57.515188+00:00,5.317,identity,63433,63433,26,2521,2048,1,4068,18106,0,0,0,0,0.583,1.934,3.463,29.004,172.707,207.271,426.641,578.981,1322,174.395,217.456,430.032,578.981,1096,171.567,206.413,221.558,550.317,103,169.952,202.58,420.904,420.922
2026-10-08T16:50:58.517679+00:00,7.022,gzip,9541,63432,26,2535,2048,1,4085,18239,0,0,0,0,0.582,1.934,3.463,29.004,172.553,207.271,426.641,578.981,1330,174.392,217.456,430.032,578.981,1102,171.567,206.362,221.524,550.317,103,169.952,202.58,420.904,420.922
2026-10-08T16:50:59.516024+00:00,6.143,identity,63391,63391,26,2584,2048,1,4113,18250,0,0,0,0,0.583,1.933,3.463,29.004,173.07,207.367,426.641,578.981,1359,174.729,217.155,430.032,578.981,1121,171.024,206.205,221.524,550.317,104,169.674,202.58,420.904,420.922
2026-10-08T16:51:00.516668+00:00,6.393,gzip,9615,63344,26,2600,2048,1,4139,18568,0,0,0,0,0.589,1.934,3.463,29.004,173.058,207.367,426.641,578.981,1370,174.455,216.672,430.032,578.981,1126,170.635,206.205,221.524,550.317,104,169.674,202.58,420.904,420.922
2026-10-08T16:51:01.515338+00:00,5.456,identity,63306,63306,26,2616,2048,1,4165,18716,0,0,0,0,0.594,1.934,3.463,29.004,172.756,207.367,426.641,578.981,1381,174.395,216.634,430.032,578.981,1131,170.635,206.205,221.524,550.317,104,169.674,202.58,420.904,420.922
2026-10-08T16:51:02.520069+00:00,9.9,gzip,9660,63307,26,2631,2048,1,4195,18859,0,0,0,0,0.6,1.944,3.672,29.004,173.215,207.581,426.641,578.981,1389,174.395,216.634,430.032,578.981,1138,171.024,206.413,221.524,550.317,104,169.674,202.58,420.904,420.922
2026-10-08T16:51:03.515847+00:00,5.646,identity,63679,63679,26,2658,2048,1,4226,18953,0,0,0,0,0.6,1.944,3.672,29.004,173.215,207.581,426.641,578.981,1405,174.229,215.793,426.641,578.981,1149,170.635,206.362,221.524,550.317,104,169.674,202.58,420.904,420.922
2026-10-08T16:51:04.518767+00:00,7.898,gzip,9716,63677,26,2665,2048,1,4232,19015,0,0,0,0,0.602,1.944,3.672,29.004,173.07,207.581,426.641,578.981,1407,174.177,215.793,426.641,578.981,1154,170.312,206.362,221.524,550.317,104,169.674,202.58,420.904,420.922
2026-10-08T16:51:05.515384+00:00,5.025,identity,63675,63675,26,2678,2048,1,4258,19187,0,0,0,0,0.6,1.941,3.672,29.004,173.215,207.581,426.641,578.981,1412,174.025,215.793,426.641,578.981,1162,170.312,206.205,221.524,550.317,104,169.674,202.58,420.904,420.922
2026-10-08T16:51:06.520629+00:00,9.473,gzip,9792,63685,26,2687,2048,1,4264,19233,0,0,0,0,0.6,1.934,3.463,29.004,172.921,207.367,424.612,578.981,1420,173.97,213.764,426.641,578.981,1163,170.312,206.205,221.524,550.317,104,169.674,202.58,420.904,420.922
2026-10-08T16:51:07.516325+00:00,5.529,identity,63694,63694,26,2704,2048,1,4284,19244,0,0,0,0,0.599,1.933,3.463,29.004,172.707,207.367,424.612,578.981,1431,173.902,213.764,426.641,578.981,1169,170.348,206.205,221.524,550.317,104,169.674,202.58,420.904,420.922
2026-10-08T16:51:08.516490+00:00,5.41,gzip,9788,63672,26,2711,2048,1,4294,19319,0,0,0,0,0.596,1.934,3.463,29.004,172.395,207.367,424.612,578.981,1433,173.893,213.764,426.641,578.981,1174,170.298,206.205,221.524,550.317,104,169.674,202.58,420.904,420.922
2026-10-08T16:51:09.516853+00:00,5.734,identity,62877,62877,26,2725,2048,1,4320,19403,0,0,0,0,0.6,1.934,3.463,29.004,171.974,207.367,424.612,578.981,1441,173.727,213.663,426.641,578.981,1180,169.982,206.182,221.524,550.317,104,169.674,202.58,420.904,420.922
2026-10-08T16:51:10.516776+00:00,5.718,gzip,9688,63588,26,2739,2048,1,4353,19768,0,0,0,0,0.6,1.934,3.463,29.004,171.928,207.367,424.612,578.981,1449,173.713,213.663,426.641,578.981,1186,169.982,206.182,221.524,550.317,104,169.674,202.58,420.904,420.922
2026-10-08T16:51:11.517707+00:00,6.673,identity,63628,63628,26,2744,2048,1,4389,19963,0,0,0,0,0.6,1.934,3.463,29.004,171.974,207.581,424.612,578.981,1452,173.713,213.764,426.641,578.981,1188,169.982,206.205,221.558,550.317,104,169.674,202.58,420.904,420.922
2026-10-08T16:51:12.520877+00:00,9.072,gzip,9676,63668,26,2771,2048,1,4413,20038,0,0,0,0,0.6,1.944,3.672,29.004,172.179,207.581,424.612,578.981,1464,173.724,213.663,426.641,578.981,1203,170.116,206.182,221.524,550.317,104,169.674,202.58,420.904,420.922
2026-10-08T16:51:13.516303+00:00,5.17,identity,63632,63632,26,2786,2048,1,4432,20045,0,0,0,0,0.602,1.958,3.855,29.004,172.179,207.581,424.612,578.981,1472,173.727,213.663,426.641,578.981,1210,170.116,206.182,221.524,550.317,104,169.674,202.58,420.904,420.922
2026-10-08T16:51:14.517448+00:00,5.995,gzip,9663,63668,26,2795,2048,1,4441,20134,0,0,0,0,0.604,1.975,3.855,29.004,172.045,207.581,424.612,578.981,1477,173.724,213.663,426.641,578.981,1214,169.891,206.182,221.524,550.317,104,169.674,202.58,420.904,420.922
2026-10-08T16:51:15.516360+00:00,5.066,identity,64497,64497,26,2810,2048,1,4465,20224,0,0,0,0,0.602,1.975,3.884,29.004,172.395,207.581,424.612,578.981,1485,173.726,212.05,426.641,578.981,1221,169.982,206.082,221.524,550.317,104,169.674,202.58,420.904,420.922
2026-10-08T16:51:16.517142+00:00,5.566,gzip,9800,64476,26,2816,2048,1,4482,20386,0,0,0,0,0.602,1.975,3.884,29.004,172.179,207.581,424.612,578.981,1491,173.713,212.05,426.641,578.981,1221,169.982,206.082,221.524,550.317,104,169.674,202.58,420.904,420.922
2026-10-08T16:51:17.522081+00:00,8.832,identity,64480,64480,26,2830,2048,1,4501,20437,0,0,0,0,0.604,1.975,3.884,29.004,172.22,207.581,424.612,578.981,1498,173.654,212.05,426.641,578.981,1228,169.891,206.082,221.524,550.317,104,169.674,202.58,420.904,420.922
2026-10-08T16:51:18.519359+00:00,5.844,gzip,9870,64467,26,2837,2048,1,4514,20491,0,0,0,0,0.603,1.969,3.884,29.004,172.22,207.581,424.612,578.981,1501,173.647,211.048,419.878,578.981,1232,169.842,206.082,221.524,550.317,104,169.674,202.58,420.904,420.922
2026-10-08T16:51:19.518014+00:00,4.56,identity,64474,64474,26,2856,2048,1,4537,20657,0,0,0,0,0.603,1.969,3.884,29.004,172.395,207.581,424.612,578.981,1507,173.647,211.048,419.878,578.981,1245,169.982,206.037,221.524,550.317,104,169.674,202.58,420.904,420.922
2026-10-08T16:51:20.520053+00:00,6.236,gzip,9900,64470,26,2868,2048,1,4558,20866,0,0,0,0,0.605,1.969,3.884,29.004,172.179,207.581,424.612,578.981,1514,173.496,211.048,419.878,578.981,1250,169.842,206.037,221.524,550.317,104,169.674,202.58,420.904,420.922
2026-10-08T16:51:21.518987+00:00,4.869,identity,64471,64471,26,2875,2048,1,4576,20873,0,0,0,0,0.605,1.969,3.884,29.004,172.22,207.581,424.612,578.981,1518,173.496,211.048,419.878,578.981,1253,169.842,206.037,221.524,550.317,104,169.674,202.58,420.904,420.922
2026-10-08T16:51:22.519951+00:00,6.06,gzip,9867,64490,26,2892,2048,1,4592,21040,0,0,0,0,0.604,1.969,3.884,29.004,172.496,207.581,424.612,578.981,1529,173.647,210.878,419.878,578.981,1259,169.842,206.037,221.524,550.317,104,169.674,202.58,420.904,420.922
2026-10-08T16:51:23.518930+00:00,5.062,identity,64489,64489,26,2918,2048,1,4630,21105,0,0,0,0,0.602,1.944,3.738,13.11,172.553,207.656,424.612,578.981,1542,173.647,209.457,419.878,578.981,1272,169.982,206.082,221.524,550.317,104,169.674,202.58,420.904,420.922
2026-10-08T16:51:24.521942+00:00,7.592,gzip,9864,64488,26,2929,2048,1,4641,21162,0,0,0,0,0.602,1.947,3.738,13.11,172.22,207.656,424.612,578.981,1547,173.519,209.457,419.878,578.981,1278,169.982,206.082,221.524,550.317,104,169.674,202.58,420.904,420.922
2026-10-08T16:51:25.519018+00:00,4.908,identity,64490,64490,26,2939,2048,1,4658,21285,0,0,0,0,0.602,1.944,3.738,13.11,171.928,207.656,424.612,578.981,1552,173.421,209.457,419.878,578.981,1283,169.982,206.062,221.524,550.317,104,169.674,202.58,420.904,420.922
2026-10-08T16:51:26.520658+00:00,6.279,gzip,9899,64490,26,2950,2048,1,4685,21375,0,0,0,0,0.604,1.941,3.738,13.11,171.573,207.656,424.612,578.981,1556,173.152,209.457,419.878,578.981,1290,169.842,206.062,221.524,550.317,104,169.674,202.58,420.904,420.922
2026-10-08T16:51:27.519523+00:00,4.912,identity,63699,63699,26,2965,2048,1,4711,21446,0,0,0,0,0.604,1.934,3.738,13.11,171.639,207.656,424.612,578.981,1563,173.421,209.44,419.878,578.981,1298,169.802,206.062,221.524,550.317,104,169.674,202.58,420.904,420.922
2026-10-08T16:51:28.521634+00:00,7.132,gzip,9801,63741,26,2981,2048,1,4758,21505,0,0,0,0,0.605,1.934,3.672,13.11,171.349,206.691,419.878,555.632,1572,173.152,209.44,419.878,578.981,1305,169.678,206.037,221.459,550.317,104,169.674,202.58,420.904,420.922
2026-10-08T16:51:29.523613+00:00,8.793,identity,63731,63731,26,2998,2048,1,4783,21556,0,0,0,0,0.606,1.942,3.672,13.11,171.573,207.656,419.878,555.632,1579,173.496,209.44,419.878,578.981,1315,169.802,206.205,221.459,550.317,104,169.674,202.58,420.904,420.922
2026-10-08T16:51:30.520878+00:00,6.181,gzip,9773,63729,26,3011,2048,1,4810,21663,0,0,0,0,0.61,1.941,3.463,13.11,171.341,207.656,419.878,555.632,1585,173.496,208.954,419.878,578.981,1322,169.57,206.182,221.459,550.317,104,169.674,202.58,420.904,420.922
2026-10-08T16:51:31.519426+00:00,4.596,identity,63730,63730,26,3035,2048,1,4855,22003,0,0,0,0,0.616,1.941,3.463,13.11,170.348,207.387,419.878,555.632,1598,173.058,208.954,419.878,578.981,1333,169.437,206.182,221.459,550.317,104,169.674,202.58,420.904,420.922
2026-10-08T16:51:32.523068+00:00,7.96,gzip,9808,63732,26,3047,2048,1,4882,22006,0,0,0,0,0.619,1.941,3.463,13.11,170.605,207.387,419.878,555.632,1600,173.058,208.668,419.428,578.981,1343,169.564,206.082,221.459,550.317,104,169.674,202.58,420.904,420.922
2026-10-08T16:51:33.523152+00:00,7.932,identity,63729,63729,26,3065,2048,1,4916,22169,0,0,0,0,0.619,1.944,3.463,13.11,170.423,207.387,419.878,555.632,1612,172.955,208.668,419.428,578.981,1349,169.678,206.082,221.459,550.317,104,169.674,202.58,420.904,420.922
2026-10-08T16:51:34.522304+00:00,7.117,gzip,9735,63769,26,3075,2048,1,4932,22179,0,0,0,0,0.619,1.947,3.463,13.11,170.348,207.387,419.878,555.632,1619,172.928,208.668,419.428,578.981,1352,169.564,206.082,221.459,550.317,104,169.674,202.58,420.904,420.922
2026-10-08T16:51:35.520035+00:00,4.601,identity,62901,62901,26,3096,2048,1,4960,22334,0,0,0,0,0.624,1.958,3.463,13.11,170.298,207.387,419.878,555.632,1631,172.817,208.262,419.428,578.981,1361,169.544,206.062,221.459,550.317,104,169.674,202.58,420.904,420.922
2026-10-08T16:51:36.521290+00:00,6.024,gzip,9642,62867,26,3108,2048,1,4983,22430,0,0,0,0,0.624,1.972,3.463,13.11,170.191,207.387,419.878,555.632,1639,172.738,208.262,419.428,578.981,1365,169.433,206.062,221.459,550.317,104,169.674,202.58,420.904,420.922
2026-10-08T16:51:37.526671+00:00,11.189,identity,65182,65182,26,3128,2048,1,5012,22434,0,0,0,0,0.619,1.983,3.463,13.11,169.96,206.632,376.802,555.632,1650,172.817,208.258,419.428,578.981,1374,169.437,206.062,221.459,550.317,104,169.674,202.58,420.904,420.922
2026-10-08T16:51:38.667917+00:00,152.2,gzip,10070,65185,26,3135,2048,1,5019,22485,0,0,0,0,0.618,1.975,3.463,13.11,169.807,206.578,246.136,555.632,1654,172.738,208.262,419.428,578.981,1377,169.433,206.062,221.459,550.317,104,169.674,202.58,420.904,420.922
2026-10-08T16:51:39.522193+00:00,6.35,identity,65219,65219,26,3162,2048,1,5074,22688,0,0,0,0,0.616,1.972,3.417,13.11,169.544,206.562,246.136,555.632,1671,172.726,208.258,419.428,578.981,1387,169.544,206.082,221.459,550.317,104,169.674,202.58,420.904,420.922
2026-10-08T16:51:40.522084+00:00,6.248,gzip,10074,65217,26,3167,2048,1,5092,22701,0,0,0,0,0.617,1.972,3.417,13.11,169.489,206.562,246.136,555.632,1673,172.707,208.258,419.428,578.981,1390,169.437,206.082,221.459,550.317,104,169.674,202.58,420.904,420.922
2026-10-08T16:51:41.522618+00:00,6.22,identity,65217,65217,26,3167,2048,1,5092,22701,0,0,0,0,0.617,1.972,3.417,13.11,169.489,206.562,246.136,555.632,1673,172.707,208.258,419.428,578.981,1390,169.437,206.082,221.459,550.317,104,169.674,202.58,420.904,420.922
2026-10-08T16:51:42.522335+00:00,5.97,gzip,10057,65218,26,3167,2048,1,5092,22701,0,0,0,0,0.617,1.972,3.417,13.11,169.489,206.562,246.136,555.632,1673,172.707,208.258,419.428,578.981,1390,169.437,206.082,221.459,550.317,104,169.674,202.58,420.904,420.922
2026-10-08T16:51:43.523287+00:00,7.084,identity,66070,66070,26,3192,2048,1,5182,23050,0,0,0,0,0.62,1.975,3.463,13.11,169.729,207.923,246.136,555.632,1683,172.928,209.265,419.428,578.981,1405,169.842,206.624,221.39,550.317,104,169.674,202.58,420.904,420.922
2026-10-08T16:51:44.523690+00:00,7.286,gzip,10217,66073,26,3197,2048,1,5187,23064,0,0,0,0,0.624,1.975,3.463,13.11,169.729,207.923,246.136,555.632,1686,172.817,209.265,419.428,578.981,1407,169.842,206.624,221.39,550.317,104,169.674,202.58,420.904,420.922
2026-10-08T16:51:45.523766+00:00,7.553,identity,63682,63682,25,3210,2048,1,5202,23068,0,0,0,0,0.629,1.975,3.463,13.11,169.729,207.923,246.136,555.632,1695,172.707,209.265,419.428,578.981,1411,169.842,206.624,221.39,550.317,104,169.674,202.58,420.904,420.922
2026-10-08T16:51:46.522145+00:00,5.745,gzip,9912,63695,25,3224,2048,1,5232,23300,0,0,0,0,0.629,1.972,3.417,13.11,169.681,207.923,246.136,555.632,1703,172.726,208.954,397.984,578.981,1417,169.842,206.624,221.39,550.317,104,169.674,202.58,420.904,420.922
2026-10-08T16:51:47.521775+00:00,5.642,identity,63697,63697,25,3242,2048,1,5252,23300,0,0,0,0,0.633,1.972,3.231,13.11,169.96,207.923,246.136,555.632,1711,172.726,208.954,397.984,578.981,1427,169.982,206.554,221.39,550.317,104,169.674,202.58,420.904,420.922
2026-10-08T16:51:48.523658+00:00,6.903,gzip,9950,63740,25,3250,2048,1,5263,23326,0,0,0,0,0.637,1.972,3.231,13.11,169.681,207.923,246.136,555.632,1715,172.707,208.954,397.984,578.981,1431,169.891,206.554,221.39,550.317,104,169.674,202.58,420.904,420.922
2026-10-08T16:51:49.522181+00:00,5.765,identity,63780,63780,25,3259,2048,1,5289,23487,0,0,0,0,0.633,1.983,3.231,13.11,169.668,207.923,246.136,555.632,1721,172.707,208.668,397.984,578.981,1434,169.807,206.554,221.39,550.317,104,169.674,202.58,420.904,420.922
2026-10-08T16:51:50.523684+00:00,6.349,gzip,9990,64937,25,3265,2048,1,5292,23488,0,0,0,0,0.638,1.983,3.231,13.11,169.678,207.923,246.136,555.632,1724,172.601,208.668,397.984,578.981,1437,169.802,206.554,221.39,550.317,104,169.674,202.58,420.904,420.922
2026-10-08T16:51:51.523562+00:00,6.956,identity,67225,67225,25,3285,2048,1,5333,23745,0,0,0,0,0.642,1.975,3.219,13.11,169.668,207.923,246.136,555.632,1736,172.395,208.668,397.984,578.981,1444,169.807,206.471,221.39,550.317,105,169.952,206.386,420.904,420.922
2026-10-08T16:51:52.534719+00:00,17.837,gzip,10388,67234,25,3302,2048,1,5349,23768,0,0,0,0,0.643,1.975,3.231,13.11,169.678,207.923,246.136,555.632,1746,172.395,208.262,397.984,578.981,1451,169.807,206.471,221.39,550.317,105,169.952,206.386,420.904,420.922
2026-10-08T16:51:53.924436+00:00,407.711,identity,67316,67316,25,3320,2048,1,5387,24025,0,0,0,0,0.647,1.975,3.231,13.11,169.678,208.262,376.802,584.988,1755,172.388,208.668,419.428,584.988,1460,169.891,206.554,221.524,574.931,105,169.952,206.386,420.904,420.922
2026-10-08T16:51:54.524139+00:00,5.707,gzip,10405,67277,25,3329,2048,1,5390,24027,0,0,0,0,0.649,1.983,3.417,18.595,169.807,208.958,424.019,675.043,1761,172.601,209.44,434.284,675.043,1463,169.944,206.632,376.802,671.518,105,169.952,206.386,420.904,420.922
2026-10-08T16:51:55.524825+00:00,6.215,identity,67280,67280,25,3330,2048,1,5390,24027,0,0,0,0,0.649,1.975,3.231,18.595,169.807,208.958,424.019,675.043,1761,172.601,209.44,434.284,675.043,1464,169.944,206.632,376.802,671.518,105,169.952,206.386,420.904,420.922
2026-10-08T16:51:56.524119+00:00,5.988,gzip,10408,67280,25,3330,2048,1,5390,24027,0,0,0,0,0.649,1.975,3.231,18.595,169.807,208.958,424.019,675.043,1761,172.601,209.44,434.284,675.043,1464,169.944,206.632,376.802,671.518,105,169.952,206.386,420.904,420.922
2026-10-08T16:51:57.522602+00:00,4.904,identity,67279,67279,25,3330,2048,1,5390,24027,0,0,0,0,0.649,1.975,3.231,18.595,169.807,208.958,424.019,675.043,1761,172.601,209.44,434.284,675.043,1464,169.944,206.632,376.802,671.518,105,169.952,206.386,420.904,420.922
2026-10-08T16:51:58.524591+00:00,6.297,gzip,10410,67282,25,3330,2048,1,5390,24027,0,0,0,0,0.649,1.975,3.231,18.595,169.807,208.958,424.019,675.043,1761,172.601,209.44,434.284,675.043,1464,169.944,206.632,376.802,671.518,105,169.952,206.386,420.904,420.922
2026-10-08T16:51:59.556091+00:00,38.015,identity,67282,67282,25,3330,2048,1,5390,24027,0,0,0,0,0.649,1.975,3.231,18.595,169.807,208.958,424.019,675.043,1761,172.601,209.44,434.284,675.043,1464,169.944,206.632,376.802,671.518,105,169.952,206.386,420.904,420.922
2026-10-08T16:52:00.546854+00:00,28.61,gzip,10434,67282,25,3330,2048,1,5390,24027,0,0,0,0,0.649,1.975,3.231,18.595,169.807,208.958,424.019,675.043,1761,172.601,209.44,434.284,675.043,1464,169.944,206.632,376.802,671.518,105,169.952,206.386,420.904,420.922
2026-10-08T16:52:01.530513+00:00,12.12,identity,67286,67286,25,3330,2048,1,5390,24027,0,0,0,0,0.649,1.975,3.231,18.595,169.807,208.958,424.019,675.043,1761,172.601,209.44,434.284,675.043,1464,169.944,206.632,376.802,671.518,105,169.952,206.386,420.904,420.922
2026-10-08T16:52:02.528019+00:00,9.683,gzip,10433,67288,25,3330,2048,1,5390,24027,0,0,0,0,0.649,1.975,3.231,18.595,169.807,208.958,424.019,675.043,1761,172.601,209.44,434.284,675.043,1464,169.944,206.632,376.802,671.518,105,169.952,206.386,420.904,420.922
2026-10-08T16:52:03.524906+00:00,5.855,identity,67292,67292,25,3330,2048,1,5390,24027,0,0,0,0,0.649,1.975,3.231,18.595,169.807,208.958,424.019,675.043,1761,172.601,209.44,434.284,675.043,1464,169.944,206.632,376.802,671.518,105,169.952,206.386,420.904,420.922
2026-10-08T16:52:04.529210+00:00,8.268,gzip,10429,67337,25,3335,2048,1,5398,24055,0,0,0,0,0.656,1.983,3.231,18.595,169.681,208.958,424.019,675.043,1765,172.388,209.44,434.284,675.043,1465,169.982,206.632,376.802,671.518,105,169.952,206.386,420.904,420.922
2026-10-08T16:52:05.525543+00:00,5.142,identity,67287,67287,25,3346,2048,1,5412,24108,0,0,0,0,0.653,1.972,3.219,18.595,169.668,208.958,424.019,675.043,1773,172.371,209.44,434.284,675.043,1468,169.891,206.632,376.802,671.518,105,169.952,206.386,420.904,420.922
2026-10-08T16:52:06.525726+00:00,5.658,gzip,10076,64972,25,3362,2048,1,5433,24186,0,0,0,0,0.647,1.941,3.219,18.595,169.388,208.958,424.019,675.043,1780,172.292,209.265,434.284,675.043,1477,169.807,206.632,376.802,671.518,105,169.952,206.386,420.904,420.922
2026-10-08T16:52:07.525325+00:00,4.901,identity,64378,64378,25,3428,2048,1,5439,24219,0,0,0,0,0.646,1.924,3.219,18.595,168.448,204.478,424.019,675.043,1812,172.928,208.954,430.032,675.043,1511,169.437,206.554,221.558,671.518,105,169.952,206.386,420.904,420.922
2026-10-08T16:52:08.526674+00:00,6.003,gzip,9853,64346,25,3439,2048,1,5456,24308,0,0,0,0,0.643,1.916,3.219,18.595,168.279,204.478,424.019,675.043,1819,172.726,208.954,430.032,675.043,1515,169.431,206.554,221.558,671.518,105,169.952,206.386,420.904,420.922
2026-10-08T16:52:09.525780+00:00,5.247,identity,63090,63090,25,3448,2048,1,5467,24350,0,0,0,0,0.643,1.922,3.219,18.595,168.347,204.522,424.612,675.043,1824,172.711,209.265,434.284,675.043,1519,169.431,206.554,221.558,671.518,105,169.952,206.386,420.904,420.922
2026-10-08T16:52:10.525730+00:00,5.285,gzip,9742,63056,25,3482,2048,1,5495,24556,0,0,0,0,0.643,1.922,3.056,18.595,167.778,204.522,424.612,675.043,1846,172.292,208.954,434.284,675.043,1531,169.2,206.471,221.558,671.518,105,169.952,206.386,420.904,420.922
2026-10-08T16:52:11.525885+00:00,5.558,identity,63024,63024,25,3501,2048,1,5542,24813,0,0,0,0,0.646,1.922,3.219,18.595,167.778,204.522,424.612,675.043,1858,172.179,208.954,434.284,675.043,1538,168.654,206.471,221.558,671.518,105,169.952,206.386,420.904,420.922
2026-10-08T16:52:12.527703+00:00,6.781,gzip,9805,63019,25,3520,2048,1,5564,24837,0,0,0,0,0.646,1.922,3.219,18.595,167.958,204.681,424.612,675.043,1866,172.311,208.668,434.284,675.043,1547,169.131,206.471,221.558,671.518,107,169.674,206.386,420.904,420.922
2026-10-08T16:52:13.525795+00:00,5.003,identity,63020,63020,25,3526,2048,1,5590,24839,0,0,0,0,0.643,1.922,3.219,18.595,167.88,204.478,393.261,675.043,1870,172.292,208.668,434.284,675.043,1549,168.863,206.471,221.558,671.518,107,169.674,206.386,420.904,420.922
2026-10-08T16:52:14.526440+00:00,5.628,gzip,9821,63023,25,3537,2048,1,5606,24842,0,0,0,0,0.645,1.922,3.219,18.595,167.875,204.478,393.261,675.043,1875,172.292,208.668,434.284,675.043,1555,168.654,206.471,221.558,671.518,107,169.674,206.386,420.904,420.922
2026-10-08T16:52:15.526650+00:00,5.339,identity,63022,63022,25,3550,2048,1,5618,24929,0,0,0,0,0.653,1.922,3.219,18.595,167.887,204.478,393.261,675.043,1881,172.179,208.262,434.284,675.043,1562,168.649,206.413,221.558,671.518,107,169.674,206.386,420.904,420.922
2026-10-08T16:52:16.527163+00:00,6.117,gzip,9837,63024,25,3565,2048,1,5639,25023,0,0,0,0,0.656,1.922,3.056,18.595,167.875,204.478,393.261,675.043,1889,172.151,208.262,434.284,675.043,1569,168.469,206.413,221.558,671.518,107,169.674,206.386,420.904,420.922
2026-10-08T16:52:17.527390+00:00,5.966,identity,62997,62997,25,3574,2048,1,5660,25170,0,0,0,0,0.658,1.922,3.056,18.595,167.821,204.478,393.261,675.043,1895,172.151,208.262,434.284,675.043,1572,168.448,206.413,221.558,671.518,107,169.674,206.386,420.904,420.922
2026-10-08T16:52:18.527203+00:00,5.944,gzip,9828,62958,25,3590,2048,1,5679,25212,0,0,0,0,0.658,1.924,3.056,18.595,167.821,204.478,393.261,675.043,1906,172.151,208.258,430.032,675.043,1577,168.354,206.413,221.558,671.518,107,169.674,206.386,420.904,420.922
2026-10-08T16:52:19.526869+00:00,5.718,identity,62957,62957,25,3600,2048,1,5689,25341,0,0,0,0,0.656,1.924,3.056,18.595,167.798,204.478,393.261,675.043,1911,172.112,208.258,430.032,675.043,1582,168.327,206.362,221.558,671.518,107,169.674,206.386,420.904,420.922
2026-10-08T16:52:20.527861+00:00,6.442,gzip,9834,62961,25,3608,2048,1,5711,25485,0,0,0,0,0.657,1.924,3.056,18.595,167.654,204.478,393.261,675.043,1912,172.024,208.258,430.032,675.043,1589,168.279,206.362,221.558,671.518,107,169.674,206.386,420.904,420.922
2026-10-08T16:52:21.526158+00:00,4.614,identity,62958,62958,25,3617,2048,1,5726,25717,0,0,0,0,0.661,1.924,3.056,18.595,167.654,204.478,393.261,675.043,1916,172.024,208.258,430.032,675.043,1594,168.195,206.362,221.558,671.518,107,169.674,206.386,420.904,420.922
2026-10-08T16:52:22.527363+00:00,5.819,gzip,9907,62956,25,3629,2048,1,5746,25717,0,0,0,0,0.663,1.922,3.046,18.595,167.778,204.478,393.261,675.043,1918,172.024,208.258,430.032,675.043,1604,168.093,206.34,221.524,671.518,107,169.674,206.386,420.904,420.922
2026-10-08T16:52:23.527398+00:00,5.789,identity,60678,60678,25,3636,2048,1,5760,25803,0,0,0,0,0.665,1.921,3.046,18.595,167.786,204.478,393.261,675.043,1920,172.112,207.745,430.032,675.043,1609,168.093,206.34,221.524,671.518,107,169.674,206.386,420.904,420.922
2026-10-08T16:52:24.528052+00:00,5.959,gzip,9406,60715,25,3658,2048,1,5804,26048,0,0,0,0,0.661,1.91,3.046,18.595,167.821,204.478,393.261,675.043,1935,172.112,207.745,430.032,675.043,1616,168.057,206.34,221.524,671.518,107,169.674,206.386,420.904,420.922
2026-10-08T16:52:25.526627+00:00,4.852,identity,60757,60757,25,3667,2048,1,5813,26050,0,0,0,0,0.665,1.909,3.046,18.595,167.64,204.478,393.261,675.043,1940,171.932,207.656,430.032,675.043,1620,167.957,206.205,221.524,671.518,107,169.674,206.386,420.904,420.922
2026-10-08T16:52:26.530138+00:00,8.232,gzip,9501,60763,25,3679,2048,1,5830,26178,0,0,0,0,0.667,1.893,3.046,18.595,167.736,204.478,393.261,675.043,1944,171.932,207.656,430.032,675.043,1628,167.877,206.205,221.524,671.518,107,169.674,206.386,420.904,420.922
2026-10-08T16:52:27.527331+00:00,4.999,identity,60683,60683,25,3688,2048,1,5840,26179,0,0,0,0,0.665,1.893,3.046,18.595,167.341,204.478,393.261,675.043,1949,171.887,207.656,430.032,675.043,1632,167.798,206.205,221.524,671.518,107,169.674,206.386,420.904,420.922
2026-10-08T16:52:28.527838+00:00,5.681,gzip,9375,60628,25,3701,2048,1,5853,26401,0,0,0,0,0.663,1.893,3.046,18.595,167.42,204.478,393.261,675.043,1957,171.813,207.656,430.032,675.043,1637,167.654,206.205,221.524,671.518,107,169.674,206.386,420.904,420.922
2026-10-08T16:52:29.528376+00:00,6.328,identity,60628,60628,25,3701,2048,1,5853,26401,0,0,0,0,0.663,1.893,3.046,18.595,167.42,204.478,393.261,675.043,1957,171.813,207.656,430.032,675.043,1637,167.654,206.205,221.524,671.518,107,169.674,206.386,420.904,420.922
2026-10-08T16:52:30.528414+00:00,6.128,gzip,9378,60628,25,3701,2048,1,5853,26401,0,0,0,0,0.663,1.893,3.046,18.595,167.42,204.478,393.261,675.043,1957,171.813,207.656,430.032,675.043,1637,167.654,206.205,221.524,671.518,107,169.674,206.386,420.904,420.922
2026-10-08T16:52:31.527170+00:00,4.921,identity,60597,60597,25,3727,2048,1,5942,26548,0,0,0,0,0.667,1.893,3.046,18.595,167.28,204.478,393.261,675.043,1969,171.92,207.367,430.032,675.043,1651,167.957,206.182,221.524,671.518,107,169.674,206.386,420.904,420.922
2026-10-08T16:52:32.528236+00:00,5.788,gzip,9625,61999,25,3742,2048,1,5970,26762,0,0,0,0,0.663,1.882,3.046,18.595,167.225,204.478,393.261,675.043,1979,171.887,207.367,430.032,675.043,1656,167.88,206.182,221.524,671.518,107,169.674,206.386,420.904,420.922
2026-10-08T16:52:33.536673+00:00,13.822,identity,61962,61962,25,3760,2048,1,6030,26959,0,0,0,0,0.665,1.91,3.219,18.595,167.078,204.478,393.261,675.043,1989,171.775,207.342,430.032,675.043,1664,167.877,206.082,221.524,671.518,107,169.674,206.386,420.904,420.922
2026-10-08T16:52:34.529822+00:00,6.652,gzip,9620,61961,25,3782,2048,1,6079,27298,0,0,0,0,0.665,1.893,3.219,18.595,167.341,204.473,393.261,675.043,2004,171.795,207.271,426.641,675.043,1671,167.88,206.082,221.524,671.518,107,169.674,206.386,420.904,420.922
2026-10-08T16:52:35.529902+00:00,6.728,identity,61969,61969,25,3801,2048,1,6106,27396,0,0,0,0,0.668,1.893,3.219,18.595,167.056,204.473,393.261,675.043,2015,171.737,207.271,426.641,675.043,1679,167.958,206.082,221.524,671.518,107,169.674,206.386,420.904,420.922
2026-10-08T16:52:36.530708+00:00,7.164,gzip,9636,61967,25,3809,2048,1,6128,27436,0,0,0,0,0.67,1.893,3.219,18.595,167.225,204.537,424.019,675.043,2018,171.737,207.367,432.867,675.043,1684,167.957,206.182,376.802,671.518,107,169.674,206.386,420.904,420.922
2026-10-08T16:52:37.532109+00:00,8.999,identity,61972,61972,25,3823,2048,1,6144,27649,0,0,0,0,0.671,1.884,3.219,18.595,167.42,205.153,424.019,675.043,2027,171.887,207.831,432.867,675.043,1689,167.958,206.205,376.802,671.518,107,169.674,206.386,420.904,420.922
2026-10-08T16:52:38.535505+00:00,12.174,gzip,9621,62023,25,3837,2048,1,6160,27740,0,0,0,0,0.671,1.909,3.219,18.595,167.42,205.153,424.019,675.043,2034,171.813,207.831,432.867,675.043,1696,167.88,206.205,376.802,671.518,107,169.674,206.386,420.904,420.922
2026-10-08T16:52:39.531409+00:00,8.144,identity,62025,62025,25,3847,2048,1,6174,27850,0,0,0,0,0.672,1.909,3.219,18.595,167.341,205.153,424.019,675.043,2037,171.795,207.831,432.867,675.043,1703,167.957,206.182,221.558,671.518,107,169.674,206.386,420.904,420.922
2026-10-08T16:52:40.535530+00:00,10.894,gzip,9658,62066,25,3861,2048,1,6201,27952,0,0,0,0,0.671,1.893,3.219,18.595,167.056,205.153,424.019,675.043,2046,171.775,207.745,432.867,675.043,1708,167.877,206.182,221.558,671.518,107,169.674,206.386,420.904,420.922
2026-10-08T16:52:41.530344+00:00,6.779,identity,62068,62068,25,3871,2048,1,6222,28054,0,0,0,0,0.672,1.905,3.219,18.595,166.996,204.828,397.984,675.043,2048,171.705,207.745,432.867,675.043,1713,167.877,206.182,221.558,671.518,107,169.674,206.386,420.904,420.922
2026-10-08T16:52:42.530317+00:00,6.514,gzip,9871,63261,25,3897,2048,1,6256,28134,0,0,0,0,0.682,1.909,3.046,18.595,167.225,204.681,395.657,675.043,2048,171.255,206.691,432.867,675.043,1727,168.093,206.182,221.558,671.518,107,169.674,206.386,420.904,420.922
2026-10-08T16:52:43.529194+00:00,5.391,identity,63262,63262,25,3904,2048,1,6270,28211,0,0,0,0,0.678,1.893,3.046,18.595,166.95,204.681,395.657,675.043,2048,170.864,206.53,432.867,675.043,1730,167.958,206.182,221.558,671.518,107,169.674,206.386,420.904,420.922
2026-10-08T16:52:44.530164+00:00,5.679,gzip,9903,63269,25,3922,2048,1,6299,28393,0,0,0,0,0.685,1.893,3.219,18.595,167.225,204.681,395.657,675.043,2048,170.539,205.858,432.867,675.043,1741,168.057,206.082,221.558,671.518,107,169.674,206.386,420.904,420.922
2026-10-08T16:52:45.530168+00:00,6.277,identity,63343,63343,25,3934,2048,1,6333,28838,0,0,0,0,0.688,1.905,3.417,18.595,167.28,204.681,395.657,675.043,2048,170.352,205.694,432.867,675.043,1745,167.958,206.082,221.558,671.518,107,169.674,206.386,420.904,420.922
2026-10-08T16:52:46.531271+00:00,7.065,gzip,9907,63341,25,3946,2048,1,6351,28925,0,0,0,0,0.69,1.905,3.417,18.595,166.95,204.681,395.657,675.043,2048,170.222,205.679,430.032,675.043,1750,167.88,206.082,221.558,671.518,107,169.674,206.386,420.904,420.922
2026-10-08T16:52:47.529699+00:00,5.69,identity,63304,63304,25,3954,2048,1,6362,28933,0,0,0,0,0.692,1.893,3.417,18.595,166.889,204.681,395.657,675.043,2048,170.191,205.679,430.032,675.043,1754,167.88,206.082,221.558,671.518,107,169.674,206.386,420.904,420.922
2026-10-08T16:52:48.531252+00:00,6.49,gzip,9843,63344,25,3964,2048,1,6373,28933,0,0,0,0,0.695,1.893,3.417,18.595,166.899,204.681,395.657,675.043,2048,170.222,205.679,430.032,675.043,1761,167.88,206.08,221.558,671.518,107,169.674,206.386,420.904,420.922
2026-10-08T16:52:49.531455+00:00,6.651,identity,63328,63328,25,3971,2048,1,6385,28996,0,0,0,0,0.698,1.893,3.417,18.595,166.74,204.61,395.657,675.043,2048,170.191,205.679,430.032,675.043,1765,167.821,206.08,221.558,671.518,107,169.674,206.386,420.904,420.922
2026-10-08T16:52:50.531032+00:00,6.089,gzip,9841,63295,25,3981,2048,1,6392,29028,0,0,0,0,0.698,1.893,3.417,18.595,166.419,204.522,395.657,675.043,2048,169.839,205.679,430.032,675.043,1765,167.821,206.08,221.558,671.518,107,169.674,206.386,420.904,420.922
2026-10-08T16:52:51.529763+00:00,5.229,identity,63299,63299,25,3993,2048,1,6439,29250,0,0,0,0,0.701,1.905,3.417,18.595,166.504,204.522,395.657,675.043,2048,169.709,205.243,430.032,675.043,1770,167.798,206.08,221.558,671.518,107,169.674,206.386,420.904,420.922
2026-10-08T16:52:52.531751+00:00,6.355,gzip,9874,63261,25,4013,2048,1,6474,29305,0,0,0,0,0.701,1.893,3.219,18.595,166.504,204.522,395.657,675.043,2048,169.703,205.243,430.032,675.043,1781,167.798,206.062,221.558,671.518,107,169.674,206.386,420.904,420.922
