match_id,minute,score,actual,p_home,p_draw,p_away,brier,log_loss,baseline_brier,baseline_log_loss,predicted,correct
3857286,15,0:0,away,0.3929672983141538,0.2932178433416908,0.3138148583361378,0.7112500498385321,1.1589520901032813,0.695347261307692,1.12503333233311,home,0
3857286,30,0:1,away,0.13294989790585626,0.23372050924492,0.6333295928397396,0.2067481392819535,0.4567643085556721,0.695347261307692,1.12503333233311,away,1
3857286,45,0:2,away,0.020327239671268933,0.07579455492207708,0.903878205401797,0.015397410625268101,0.10106065620450048,0.695347261307692,1.12503333233311,away,1
3857286,60,0:2,away,0.008248345315229938,0.04812496477456135,0.9436266899062207,0.005561997525921449,0.0580246466576429,0.695347261307692,1.12503333233311,away,1
3857286,75,0:2,away,0.0014450111284240205,0.017703561205856422,0.9808514276621119,0.0006821719591101085,0.019334280772182737,0.695347261307692,1.12503333233311,away,1
3857286,85,0:2,away,6.793224790145206e-05,0.0025882833441125677,0.9973437844049982,1.3759306746846475e-05,0.002659749595076675,0.695347261307692,1.12503333233311,away,1
3857271,15,0:0,home,0.3929672983141538,0.2932178433416908,0.3138148583361378,0.5529451698825001,0.9340288809716082,0.5197135016790593,0.8856196214650477,home,1
3857271,30,0:0,home,0.36667040715077637,0.3360212502934693,0.2973083425462699,0.6024089043749599,1.0032919075955187,0.5197135016790593,0.8856196214650477,home,1
3857271,45,2:0,home,0.9304317956867522,0.05673348265787085,0.012834721650520088,0.008223153185707056,0.07210650414970703,0.5197135016790593,0.8856196214650477,home,1
3857271,60,3:0,home,0.9947459542912374,0.004742686357792795,0.0005113593469817851,5.0359558579906684e-05,0.00526789674420156,0.5197135016790593,0.8856196214650477,home,1
3857271,75,5:1,home,0.999954043844625,4.412843357824095e-05,1.827718189057715e-06,4.062627420694271e-09,4.5957211391410975e-05,0.5197135016790593,0.8856196214650477,home,1
3857271,85,5:1,home,0.9999992694637471,7.207910928797279e-07,9.74217242990285e-09,1.0533179263511371e-12,7.30536519777026e-07,0.5197135016790593,0.8856196214650477,home,1
3857282,15,0:0,draw,0.3929672983141538,0.2932178433416908,0.3138148583361378,0.7524440798274261,1.2268394535850409,0.8188308976471597,1.3359822016977196,home,0
3857282,30,0:0,draw,0.36667040715077637,0.3360212502934693,0.2973083425462699,0.663707218089574,1.0905808760977689,0.8188308976471597,1.3359822016977196,home,0
3857282,45,1:0,draw,0.7290964551165421,0.20133534057021005,0.06956820430839092,1.1742866141363042,1.6027834000455428,0.8188308976471597,1.3359822016977196,home,0
3857282,60,1:0,draw,0.7735979600499547,0.1851256591638461,0.04127638078221106,1.2641777347570857,1.6867204457585356,0.8188308976471597,1.3359822016977196,home,0
3857282,75,1:0,draw,0.8526305906291709,0.13318972508668553,0.014179684280536136,1.4785400402182403,2.0159806628400605,0.8188308976471597,1.3359822016977196,home,0
3857282,85,1:1,draw,0.06971840660538373,0.8702802456740864,0.0600013477175423,0.025288032609890425,0.13893999773902085,0.8188308976471597,1.3359822016977196,draw,1
3857285,15,0:0,away,0.3929672983141538,0.2932178433416908,0.3138148583361378,0.7112500498385321,1.1589520901032813,0.695347261307692,1.12503333233311,home,0
3857285,30,0:0,away,0.36667040715077637,0.3360212502934693,0.2973083425462699,0.7411330335839728,1.21298548833489,0.695347261307692,1.12503333233311,home,0
3857285,45,0:0,away,0.328834071356316,0.4002623837602259,0.2709035448786009,0.7999234632087794,1.3059924444152378,0.695347261307692,1.12503333233311,draw,0
3857285,60,0:0,away,0.27034972133111984,0.503248238718835,0.22640203994605718,0.9248015653970454,1.4854429223312589,0.695347261307692,1.12503333233311,draw,0
3857285,75,0:0,away,0.17309513769421572,0.6795354529349552,0.14736940936722173,1.2187092825716945,1.914812855587337,0.695347261307692,1.12503333233311,draw,0
3857285,85,0:1,away,0.0026562155920140194,0.0670621910133697,0.9302815933916285,0.009365049164795157,0.07226795007290134,0.695347261307692,1.12503333233311,away,1
3857254,15,0:0,draw,0.3929672983141538,0.2932178433416908,0.3138148583361378,0.7524440798274261,1.2268394535850409,0.8188308976471597,1.3359822016977196,home,0
3857254,30,0:0,draw,0.36667040715077637,0.3360212502934693,0.2973083425462699,0.663707218089574,1.0905808760977689,0.8188308976471597,1.3359822016977196,home,0
3857254,45,0:0,draw,0.328834071356316,0.4002623837602259,0.2709035448786009,0.5412057854455293,0.9156349875209215,0.8188308976471597,1.3359822016977196,draw,1
3857254,60,0:0,draw,0.27034972133111984,0.503248238718835,0.22640203994605718,0.37110916785148984,0.6866717142819027,0.8188308976471597,1.3359822016977196,draw,1
3857254,75,0:0,draw,0.17309513769421572,0.6795354529349552,0.14736940936722173,0.1543771954362276,0.3863458717189617,0.8188308976471597,1.3359822016977196,draw,1
3857254,85,0:0,draw,0.06971840660538373,0.8702802456740864,0.0600013477175423,0.025288032609890425,0.13893999773902085,0.8188308976471597,1.3359822016977196,draw,1
3857265,15,0:0,draw,0.3929672983141538,0.2932178433416908,0.3138148583361378,0.7524440798274261,1.2268394535850409,0.8188308976471597,1.3359822016977196,home,0
3857265,30,0:0,draw,0.36667040715077637,0.3360212502934693,0.2973083425462699,0.663707218089574,1.0905808760977689,0.8188308976471597,1.3359822016977196,home,0
3857265,45,0:0,draw,0.328834071356316,0.4002623837602259,0.2709035448786009,0.5412057854455293,0.9156349875209215,0.8188308976471597,1.3359822016977196,draw,1
3857265,60,0:0,draw,0.27034972133111984,0.503248238718835,0.22640203994605718,0.37110916785148984,0.6866717142819027,0.8188308976471597,1.3359822016977196,draw,1
3857265,75,0:0,draw,0.17309513769421572,0.6795354529349552,0.14736940936722173,0.1543771954362276,0.3863458717189617,0.8188308976471597,1.3359822016977196,draw,1
3857265,85,0:0,draw,0.06971840660538373,0.8702802456740864,0.0600013477175423,0.025288032609890425,0.13893999773902085,0.8188308976471597,1.3359822016977196,draw,1
3857279,15,0:1,home,0.16543708949877653,0.22753020881537725,0.6070327016778283,1.1167539484141256,1.7991642803048753,0.5197135016790593,0.8856196214650477,away,0
3857279,30,1:1,home,0.36667040715077637,0.3360212502934693,0.2973083425462699,0.6024089043749599,1.0032919075955187,0.5197135016790593,0.8856196214650477,home,1
3857279,45,2:1,home,0.7290964551165421,0.20133534057021005,0.06956820430839092,0.11876438504364019,0.3159492441805542,0.5197135016790593,0.8856196214650477,home,1
3857279,60,2:1,home,0.7735979600499547,0.1851256591638461,0.04127638078221106,0.0872331329848685,0.2567029718036715,0.5197135016790593,0.8856196214650477,home,1
3857279,75,4:1,home,0.999071725183035,0.0008823186615901044,4.5956151767298664e-05,1.6422923242868209e-06,0.0009287059308483306,0.5197135016790593,0.8856196214650477,home,1
3857279,85,4:1,home,0.9999561231747947,4.314628895242818e-05,7.305332653096309e-07,3.787311719318701e-09,4.387778782139959e-05,0.5197135016790593,0.8856196214650477,home,1
3857300,15,1:0,away,0.6861851416558443,0.19685197841330396,0.11696287992283373,1.2893553054686588,2.14589866014057,0.695347261307692,1.12503333233311,home,0
3857300,30,1:0,away,0.7026916574442454,0.2022076315930103,0.09510071095325957,1.3535062150334918,2.3528188336095295,0.695347261307692,1.12503333233311,home,0
3857300,45,1:0,away,0.7290964551165421,0.20133534057021005,0.06956820430839092,1.4378208866599425,2.6654476506720584,0.695347261307692,1.12503333233311,home,0
3857300,60,1:2,away,0.05637331008979126,0.2139764112413286,0.7296502786648921,0.12205282648416846,0.315189929952616,0.695347261307692,1.12503333233311,away,1
3857300,75,1:2,away,0.01914857233428044,0.15394656535993526,0.8269048623021766,0.054028139503190416,0.19006563011387678,0.695347261307692,1.12503333233311,away,1
3857300,85,1:2,away,0.0026562155920140194,0.0670621910133697,0.9302815933916285,0.009365049164795157,0.07226795007290134,0.695347261307692,1.12503333233311,away,1
3857268,15,0:0,home,0.3929672983141538,0.2932178433416908,0.3138148583361378,0.5529451698825001,0.9340288809716082,0.5197135016790593,0.8856196214650477,home,1
3857268,30,0:0,home,0.36667040715077637,0.3360212502934693,0.2973083425462699,0.6024089043749599,1.0032919075955187,0.5197135016790593,0.8856196214650477,home,1
3857268,45,1:0,home,0.7290964551165421,0.20133534057021005,0.06956820430839092,0.11876438504364019,0.3159492441805542,0.5197135016790593,0.8856196214650477,home,1
3857268,60,1:0,home,0.7735979600499547,0.1851256591638461,0.04127638078221106,0.0872331329848685,0.2567029718036715,0.5197135016790593,0.8856196214650477,home,1
3857268,75,1:0,home,0.8526305906291709,0.13318972508668553,0.014179684280536136,0.039658309133269565,0.1594288960674006,0.5197135016790593,0.8856196214650477,home,1
3857268,85,1:0,home,0.9399986522794702,0.058020097843027724,0.0019812498745145958,0.006970418833059699,0.061876837464359735,0.5197135016790593,0.8856196214650477,home,1
3857277,15,0:0,draw,0.3929672983141538,0.2932178433416908,0.3138148583361378,0.7524440798274261,1.2268394535850409,0.8188308976471597,1.3359822016977196,home,0
3857277,30,0:0,draw,0.36667040715077637,0.3360212502934693,0.2973083425462699,0.663707218089574,1.0905808760977689,0.8188308976471597,1.3359822016977196,home,0
3857277,45,0:0,draw,0.328834071356316,0.4002623837602259,0.2709035448786009,0.5412057854455293,0.9156349875209215,0.8188308976471597,1.3359822016977196,draw,1
3857277,60,0:0,draw,0.27034972133111984,0.503248238718835,0.22640203994605718,0.37110916785148984,0.6866717142819027,0.8188308976471597,1.3359822016977196,draw,1
3857277,75,0:0,draw,0.17309513769421572,0.6795354529349552,0.14736940936722173,0.1543771954362276,0.3863458717189617,0.8188308976471597,1.3359822016977196,draw,1
3857277,85,0:0,draw,0.06971840660538373,0.8702802456740864,0.0600013477175423,0.025288032609890425,0.13893999773902085,0.8188308976471597,1.3359822016977196,draw,1
3857284,15,0:0,away,0.3929672983141538,0.2932178433416908,0.3138148583361378,0.7112500498385321,1.1589520901032813,0.695347261307692,1.12503333233311,home,0
3857284,30,0:0,away,0.36667040715077637,0.3360212502934693,0.2973083425462699,0.7411330335839728,1.21298548833489,0.695347261307692,1.12503333233311,home,0
3857284,45,1:0,away,0.7290964551165421,0.20133534057021005,0.06956820430839092,1.4378208866599425,2.6654476506720584,0.695347261307692,1.12503333233311,home,0
3857284,60,1:0,away,0.7735979600499547,0.1851256591638461,0.04127638078221106,1.5518762915203559,3.1874648365020324,0.695347261307692,1.12503333233311,home,0
3857284,75,1:1,away,0.17309513769421572,0.6795354529349552,0.14736940936722173,1.2187092825716945,1.914812855587337,0.695347261307692,1.12503333233311,draw,0
3857284,85,1:2,away,0.0026562155920140194,0.0670621910133697,0.9302815933916285,0.009365049164795157,0.07226795007290134,0.695347261307692,1.12503333233311,away,1
3857291,15,1:0,home,0.6861851416558443,0.19685197841330396,0.11696287992283373,0.1509107820026376,0.3766078018731804,0.5197135016790593,0.8856196214650477,home,1
3857291,30,2:0,home,0.9048992890372557,0.07260341168068378,0.022497299272575783,0.014821529087854123,0.09993162430636633,0.5197135016790593,0.8856196214650477,home,1
3857291,45,3:0,home,0.9871652783446231,0.011000558016406975,0.0018341636341131144,0.0002891065128800399,0.012917798304680365,0.5197135016790593,0.8856196214650477,home,1
3857291,60,4:0,home,0.9994886406490302,0.0004711512233029,4.020812367888507e-05,4.850885542538485e-07,0.0005114901397513214,0.5197135016790593,0.8856196214650477,home,1
3857291,75,5:0,home,0.9999981722782032,1.7669996208979793e-06,6.071856815973577e-08,6.4665413712663975e-12,1.8277234670843164e-06,0.5197135016790593,0.8856196214650477,home,1
3857291,85,5:0,home,0.99999999025484,9.633918520961198e-09,1.0825390894165278e-10,1.8779224864239102e-16,9.745160059770718e-09,0.5197135016790593,0.8856196214650477,home,1
3857258,15,0:0,home,0.3929672983141538,0.2932178433416908,0.3138148583361378,0.5529451698825001,0.9340288809716082,0.5197135016790593,0.8856196214650477,home,1
3857258,30,0:0,home,0.36667040715077637,0.3360212502934693,0.2973083425462699,0.6024089043749599,1.0032919075955187,0.5197135016790593,0.8856196214650477,home,1
3857258,45,0:0,home,0.328834071356316,0.4002623837602259,0.2709035448786009,0.6840624102533491,1.1122019978221804,0.5197135016790593,0.8856196214650477,draw,0
3857258,60,0:0,home,0.27034972133111984,0.503248238718835,0.22640203994605718,0.83690620262692,1.3080388939254337,0.5197135016790593,0.8856196214650477,draw,0
3857258,75,2:0,home,0.9858203157158564,0.013251409467178734,0.0009282748133574031,0.00037752499339393754,0.014281176568718738,0.5197135016790593,0.8856196214650477,home,1
3857258,85,2:0,home,0.9980187501224979,0.0019373730522968585,4.3876822217737815e-05,7.680690596396237e-06,0.0019832151492660205,0.5197135016790593,0.8856196214650477,home,1
3857287,15,0:0,draw,0.3929672983141538,0.2932178433416908,0.3138148583361378,0.7524440798274261,1.2268394535850409,0.8188308976471597,1.3359822016977196,home,0
3857287,30,0:0,draw,0.36667040715077637,0.3360212502934693,0.2973083425462699,0.663707218089574,1.0905808760977689,0.8188308976471597,1.3359822016977196,home,0
3857287,45,0:0,draw,0.328834071356316,0.4002623837602259,0.2709035448786009,0.5412057854455293,0.9156349875209215,0.8188308976471597,1.3359822016977196,draw,1
3857287,60,0:0,draw,0.27034972133111984,0.503248238718835,0.22640203994605718,0.37110916785148984,0.6866717142819027,0.8188308976471597,1.3359822016977196,draw,1
3857287,75,0:0,draw,0.17309513769421572,0.6795354529349552,0.14736940936722173,0.1543771954362276,0.3863458717189617,0.8188308976471597,1.3359822016977196,draw,1
3857287,85,0:0,draw,0.06971840660538373,0.8702802456740864,0.0600013477175423,0.025288032609890425,0.13893999773902085,0.8188308976471597,1.3359822016977196,draw,1
3857290,15,0:0,home,0.3929672983141538,0.2932178433416908,0.3138148583361378,0.5529451698825001,0.9340288809716082,0.5197135016790593,0.8856196214650477,home,1
3857290,30,0:0,home,0.36667040715077637,0.3360212502934693,0.2973083425462699,0.6024089043749599,1.0032919075955187,0.5197135016790593,0.8856196214650477,home,1
3857290,45,0:0,home,0.328834071356316,0.4002623837602259,0.2709035448786009,0.6840624102533491,1.1122019978221804,0.5197135016790593,0.8856196214650477,draw,0
3857290,60,1:0,home,0.7735979600499547,0.1851256591638461,0.04127638078221106,0.0872331329848685,0.2567029718036715,0.5197135016790593,0.8856196214650477,home,1
3857290,75,1:0,home,0.8526305906291709,0.13318972508668553,0.014179684280536136,0.039658309133269565,0.1594288960674006,0.5197135016790593,0.8856196214650477,home,1
3857290,85,1:0,home,0.9399986522794702,0.058020097843027724,0.0019812498745145958,0.006970418833059699,0.061876837464359735,0.5197135016790593,0.8856196214650477,home,1
3857298,15,0:0,home,0.3929672983141538,0.2932178433416908,0.3138148583361378,0.5529451698825001,0.9340288809716082,0.5197135016790593,0.8856196214650477,home,1
3857298,30,0:0,home,0.36667040715077637,0.3360212502934693,0.2973083425462699,0.6024089043749599,1.0032919075955187,0.5197135016790593,0.8856196214650477,home,1
3857298,45,0:0,home,0.328834071356316,0.4002623837602259,0.2709035448786009,0.6840624102533491,1.1122019978221804,0.5197135016790593,0.8856196214650477,draw,0
3857298,60,0:0,home,0.27034972133111984,0.503248238718835,0.22640203994605718,0.83690620262692,1.3080388939254337,0.5197135016790593,0.8856196214650477,draw,0
3857298,75,1:1,home,0.17309513769421572,0.6795354529349552,0.14736940936722173,1.1672578259177067,1.7539139067715253,0.5197135016790593,0.8856196214650477,draw,0
3857298,85,3:1,home,0.9980187501224979,0.0019373730522968585,4.3876822217737815e-05,7.680690596396237e-06,0.0019832151492660205,0.5197135016790593,0.8856196214650477,home,1
3857272,15,0:0,draw,0.3929672983141538,0.2932178433416908,0.3138148583361378,0.7524440798274261,1.2268394535850409,0.8188308976471597,1.3359822016977196,home,0
3857272,30,0:0,draw,0.36667040715077637,0.3360212502934693,0.2973083425462699,0.663707218089574,1.0905808760977689,0.8188308976471597,1.3359822016977196,home,0
3857272,45,0:0,draw,0.328834071356316,0.4002623837602259,0.2709035448786009,0.5412057854455293,0.9156349875209215,0.8188308976471597,1.3359822016977196,draw,1
3857272,60,0:0,draw,0.27034972133111984,0.503248238718835,0.22640203994605718,0.37110916785148984,0.6866717142819027,0.8188308976471597,1.3359822016977196,draw,1
3857272,75,0:0,draw,0.17309513769421572,0.6795354529349552,0.14736940936722173,0.1543771954362276,0.3863458717189617,0.8188308976471597,1.3359822016977196,draw,1
3857272,85,0:0,draw,0.06971840660538373,0.8702802456740864,0.0600013477175423,0.025288032609890425,0.13893999773902085,0.8188308976471597,1.3359822016977196,draw,1
3857273,15,0:0,away,0.3929672983141538,0.2932178433416908,0.3138148583361378,0.7112500498385321,1.1589520901032813,0.695347261307692,1.12503333233311,home,0
3857273,30,0:0,away,0.36667040715077637,0.3360212502934693,0.2973083425462699,0.7411330335839728,1.21298548833489,0.695347261307692,1.12503333233311,home,0
3857273,45,0:0,away,0.328834071356316,0.4002623837602259,0.2709035448786009,0.7999234632087794,1.3059924444152378,0.695347261307692,1.12503333233311,draw,0
3857273,60,0:0,away,0.27034972133111984,0.503248238718835,0.22640203994605718,0.9248015653970454,1.4854429223312589,0.695347261307692,1.12503333233311,draw,0
3857273,75,0:0,away,0.17309513769421572,0.6795354529349552,0.14736940936722173,1.2187092825716945,1.914812855587337,0.695347261307692,1.12503333233311,draw,0
3857273,85,0:0,away,0.06971840660538373,0.8702802456740864,0.0600013477175423,1.6458458285229784,2.813388255053264,0.695347261307692,1.12503333233311,draw,0
3857274,15,1:0,draw,0.6861851416558443,0.19685197841330396,0.11696287992283373,1.1295771084877184,1.6253032112832102,0.8188308976471597,1.3359822016977196,home,0
3857274,30,1:0,draw,0.7026916574442454,0.2022076315930103,0.09510071095325957,1.1392923737539902,1.5984602303136932,0.8188308976471597,1.3359822016977196,home,0
3857274,45,1:0,draw,0.7290964551165421,0.20133534057021005,0.06956820430839092,1.1742866141363042,1.6027834000455428,0.8188308976471597,1.3359822016977196,home,0
3857274,60,1:1,draw,0.27034972133111984,0.503248238718835,0.22640203994605718,0.37110916785148984,0.6866717142819027,0.8188308976471597,1.3359822016977196,draw,1
3857274,75,1:1,draw,0.17309513769421572,0.6795354529349552,0.14736940936722173,0.1543771954362276,0.3863458717189617,0.8188308976471597,1.3359822016977196,draw,1
3857274,85,1:1,draw,0.06971840660538373,0.8702802456740864,0.0600013477175423,0.025288032609890425,0.13893999773902085,0.8188308976471597,1.3359822016977196,draw,1
3857301,15,0:0,away,0.3929672983141538,0.2932178433416908,0.3138148583361378,0.7112500498385321,1.1589520901032813,0.695347261307692,1.12503333233311,home,0
3857301,30,0:0,away,0.36667040715077637,0.3360212502934693,0.2973083425462699,0.7411330335839728,1.21298548833489,0.695347261307692,1.12503333233311,home,0
3857301,45,0:1,away,0.096121794593346,0.23271227676297004,0.671165928638827,0.17152624964001562,0.39873888697867155,0.695347261307692,1.12503333233311,away,1
3857301,60,0:2,away,0.008248345315229938,0.04812496477456135,0.9436266899062207,0.005561997525921449,0.0580246466576429,0.695347261307692,1.12503333233311,away,1
3857301,75,0:2,away,0.0014450111284240205,0.017703561205856422,0.9808514276621119,0.0006821719591101085,0.019334280772182737,0.695347261307692,1.12503333233311,away,1
3857301,85,1:3,away,6.793224790145206e-05,0.0025882833441125677,0.9973437844049982,1.3759306746846475e-05,0.002659749595076675,0.695347261307692,1.12503333233311,away,1
3857266,15,0:0,home,0.3929672983141538,0.2932178433416908,0.3138148583361378,0.5529451698825001,0.9340288809716082,0.5197135016790593,0.8856196214650477,home,1
3857266,30,0:0,home,0.36667040715077637,0.3360212502934693,0.2973083425462699,0.6024089043749599,1.0032919075955187,0.5197135016790593,0.8856196214650477,home,1
3857266,45,0:0,home,0.328834071356316,0.4002623837602259,0.2709035448786009,0.6840624102533491,1.1122019978221804,0.5197135016790593,0.8856196214650477,draw,0
3857266,60,0:0,home,0.27034972133111984,0.503248238718835,0.22640203994605718,0.83690620262692,1.3080388939254337,0.5197135016790593,0.8856196214650477,draw,0
3857266,75,1:1,home,0.17309513769421572,0.6795354529349552,0.14736940936722173,1.1672578259177067,1.7539139067715253,0.5197135016790593,0.8856196214650477,draw,0
3857266,85,1:1,home,0.06971840660538373,0.8702802456740864,0.0600013477175423,1.6264117107472955,2.6632909127884985,0.5197135016790593,0.8856196214650477,draw,0
3857288,15,0:0,away,0.3929672983141538,0.2932178433416908,0.3138148583361378,0.7112500498385321,1.1589520901032813,0.695347261307692,1.12503333233311,home,0
3857288,30,0:1,away,0.13294989790585626,0.23372050924492,0.6333295928397396,0.2067481392819535,0.4567643085556721,0.695347261307692,1.12503333233311,away,1
3857288,45,0:1,away,0.096121794593346,0.23271227676297004,0.671165928638827,0.17152624964001562,0.39873888697867155,0.695347261307692,1.12503333233311,away,1
3857288,60,0:1,away,0.05637331008979126,0.2139764112413286,0.7296502786648921,0.12205282648416846,0.315189929952616,0.695347261307692,1.12503333233311,away,1
3857288,75,0:1,away,0.01914857233428044,0.15394656535993526,0.8269048623021766,0.054028139503190416,0.19006563011387678,0.695347261307692,1.12503333233311,away,1
3857288,85,0:1,away,0.0026562155920140194,0.0670621910133697,0.9302815933916285,0.009365049164795157,0.07226795007290134,0.695347261307692,1.12503333233311,away,1
3857289,15,0:0,home,0.3929672983141538,0.2932178433416908,0.3138148583361378,0.5529451698825001,0.9340288809716082,0.5197135016790593,0.8856196214650477,home,1
3857289,30,0:0,home,0.36667040715077637,0.3360212502934693,0.2973083425462699,0.6024089043749599,1.0032919075955187,0.5197135016790593,0.8856196214650477,home,1
3857289,45,0:0,home,0.328834071356316,0.4002623837602259,0.2709035448786009,0.6840624102533491,1.1122019978221804,0.5197135016790593,0.8856196214650477,draw,0
3857289,60,0:0,home,0.27034972133111984,0.503248238718835,0.22640203994605718,0.83690620262692,1.3080388939254337,0.5197135016790593,0.8856196214650477,draw,0
3857289,75,1:0,home,0.8526305906291709,0.13318972508668553,0.014179684280536136,0.039658309133269565,0.1594288960674006,0.5197135016790593,0.8856196214650477,home,1
3857289,85,1:0,home,0.9399986522794702,0.058020097843027724,0.0019812498745145958,0.006970418833059699,0.061876837464359735,0.5197135016790593,0.8856196214650477,home,1
3857297,15,0:0,home,0.3929672983141538,0.2932178433416908,0.3138148583361378,0.5529451698825001,0.9340288809716082,0.5197135016790593,0.8856196214650477,home,1
3857297,30,0:0,home,0.36667040715077637,0.3360212502934693,0.2973083425462699,0.6024089043749599,1.0032919075955187,0.5197135016790593,0.8856196214650477,home,1
3857297,45,1:0,home,0.7290964551165421,0.20133534057021005,0.06956820430839092,0.11876438504364019,0.3159492441805542,0.5197135016790593,0.8856196214650477,home,1
3857297,60,1:0,home,0.7735979600499547,0.1851256591638461,0.04127638078221106,0.0872331329848685,0.2567029718036715,0.5197135016790593,0.8856196214650477,home,1
3857297,75,1:0,home,0.8526305906291709,0.13318972508668553,0.014179684280536136,0.039658309133269565,0.1594288960674006,0.5197135016790593,0.8856196214650477,home,1
3857297,85,2:0,home,0.9980187501224979,0.0019373730522968585,4.3876822217737815e-05,7.680690596396237e-06,0.0019832151492660205,0.5197135016790593,0.8856196214650477,home,1
3857263,15,0:0,draw,0.3929672983141538,0.2932178433416908,0.3138148583361378,0.7524440798274261,1.2268394535850409,0.8188308976471597,1.3359822016977196,home,0
3857263,30,0:0,draw,0.36667040715077637,0.3360212502934693,0.2973083425462699,0.663707218089574,1.0905808760977689,0.8188308976471597,1.3359822016977196,home,0
3857263,45,0:0,draw,0.328834071356316,0.4002623837602259,0.2709035448786009,0.5412057854455293,0.9156349875209215,0.8188308976471597,1.3359822016977196,draw,1
3857263,60,0:0,draw,0.27034972133111984,0.503248238718835,0.22640203994605718,0.37110916785148984,0.6866717142819027,0.8188308976471597,1.3359822016977196,draw,1
3857263,75,1:0,draw,0.8526305906291709,0.13318972508668553,0.014179684280536136,1.4785400402182403,2.0159806628400605,0.8188308976471597,1.3359822016977196,home,0
3857263,85,1:1,draw,0.06971840660538373,0.8702802456740864,0.0600013477175423,0.025288032609890425,0.13893999773902085,0.8188308976471597,1.3359822016977196,draw,1
3857281,15,0:1,home,0.16543708949877653,0.22753020881537725,0.6070327016778283,1.1167539484141256,1.7991642803048753,0.5197135016790593,0.8856196214650477,away,0
3857281,30,0:1,home,0.13294989790585626,0.23372050924492,0.6333295928397396,1.20750752914972,2.0177829292072333,0.5197135016790593,0.8856196214650477,away,0
3857281,45,2:1,home,0.7290964551165421,0.20133534057021005,0.06956820430839092,0.11876438504364019,0.3159492441805542,0.5197135016790593,0.8856196214650477,home,1
3857281,60,2:1,home,0.7735979600499547,0.1851256591638461,0.04127638078221106,0.0872331329848685,0.2567029718036715,0.5197135016790593,0.8856196214650477,home,1
3857281,75,3:1,home,0.9858203157158564,0.013251409467178734,0.0009282748133574031,0.00037752499339393754,0.014281176568718738,0.5197135016790593,0.8856196214650477,home,1
3857281,85,3:1,home,0.9980187501224979,0.0019373730522968585,4.3876822217737815e-05,7.680690596396237e-06,0.0019832151492660205,0.5197135016790593,0.8856196214650477,home,1
3857283,15,0:0,away,0.3929672983141538,0.2932178433416908,0.3138148583361378,0.7112500498385321,1.1589520901032813,0.695347261307692,1.12503333233311,home,0
3857283,30,0:0,away,0.36667040715077637,0.3360212502934693,0.2973083425462699,0.7411330335839728,1.21298548833489,0.695347261307692,1.12503333233311,home,0
3857283,45,0:0,away,0.328834071356316,0.4002623837602259,0.2709035448786009,0.7999234632087794,1.3059924444152378,0.695347261307692,1.12503333233311,draw,0
3857283,60,0:0,away,0.27034972133111984,0.503248238718835,0.22640203994605718,0.9248015653970454,1.4854429223312589,0.695347261307692,1.12503333233311,draw,0
3857283,75,0:1,away,0.01914857233428044,0.15394656535993526,0.8269048623021766,0.054028139503190416,0.19006563011387678,0.695347261307692,1.12503333233311,away,1
3857283,85,0:1,away,0.0026562155920140194,0.0670621910133697,0.9302815933916285,0.009365049164795157,0.07226795007290134,0.695347261307692,1.12503333233311,away,1
3857295,15,0:0,away,0.3929672983141538,0.2932178433416908,0.3138148583361378,0.7112500498385321,1.1589520901032813,0.695347261307692,1.12503333233311,home,0
3857295,30,0:0,away,0.36667040715077637,0.3360212502934693,0.2973083425462699,0.7411330335839728,1.21298548833489,0.695347261307692,1.12503333233311,home,0
3857295,45,0:0,away,0.328834071356316,0.4002623837602259,0.2709035448786009,0.7999234632087794,1.3059924444152378,0.695347261307692,1.12503333233311,draw,0
3857295,60,0:0,away,0.27034972133111984,0.503248238718835,0.22640203994605718,0.9248015653970454,1.4854429223312589,0.695347261307692,1.12503333233311,draw,0
3857295,75,0:0,away,0.17309513769421572,0.6795354529349552,0.14736940936722173,1.2187092825716945,1.914812855587337,0.695347261307692,1.12503333233311,draw,0
3857295,85,0:1,away,0.0026562155920140194,0.0670621910133697,0.9302815933916285,0.009365049164795157,0.07226795007290134,0.695347261307692,1.12503333233311,away,1
3857259,15,0:0,draw,0.3929672983141538,0.2932178433416908,0.3138148583361378,0.7524440798274261,1.2268394535850409,0.8188308976471597,1.3359822016977196,home,0
3857259,30,1:0,draw,0.7026916574442454,0.2022076315930103,0.09510071095325957,1.1392923737539902,1.5984602303136932,0.8188308976471597,1.3359822016977196,home,0
3857259,45,1:0,draw,0.7290964551165421,0.20133534057021005,0.06956820430839092,1.1742866141363042,1.6027834000455428,0.8188308976471597,1.3359822016977196,home,0
3857259,60,1:3,draw,0.008248345315229938,0.04812496477456135,0.9436266899062207,1.7965654477892399,3.0339542183316235,0.8188308976471597,1.3359822016977196,away,0
3857259,75,3:3,draw,0.17309513769421572,0.6795354529349552,0.14736940936722173,0.1543771954362276,0.3863458717189617,0.8188308976471597,1.3359822016977196,draw,1
3857259,85,3:3,draw,0.06971840660538373,0.8702802456740864,0.0600013477175423,0.025288032609890425,0.13893999773902085,0.8188308976471597,1.3359822016977196,draw,1
3857269,15,0:0,home,0.3929672983141538,0.2932178433416908,0.3138148583361378,0.5529451698825001,0.9340288809716082,0.5197135016790593,0.8856196214650477,home,1
3857269,30,0:0,home,0.36667040715077637,0.3360212502934693,0.2973083425462699,0.6024089043749599,1.0032919075955187,0.5197135016790593,0.8856196214650477,home,1
3857269,45,0:0,home,0.328834071356316,0.4002623837602259,0.2709035448786009,0.6840624102533491,1.1122019978221804,0.5197135016790593,0.8856196214650477,draw,0
3857269,60,0:0,home,0.27034972133111984,0.503248238718835,0.22640203994605718,0.83690620262692,1.3080388939254337,0.5197135016790593,0.8856196214650477,draw,0
3857269,75,0:0,home,0.17309513769421572,0.6795354529349552,0.14736940936722173,1.1672578259177067,1.7539139067715253,0.5197135016790593,0.8856196214650477,draw,0
3857269,85,1:0,home,0.9399986522794702,0.058020097843027724,0.0019812498745145958,0.006970418833059699,0.061876837464359735,0.5197135016790593,0.8856196214650477,home,1
3857270,15,0:0,home,0.3929672983141538,0.2932178433416908,0.3138148583361378,0.5529451698825001,0.9340288809716082,0.5197135016790593,0.8856196214650477,home,1
3857270,30,0:0,home,0.36667040715077637,0.3360212502934693,0.2973083425462699,0.6024089043749599,1.0032919075955187,0.5197135016790593,0.8856196214650477,home,1
3857270,45,0:0,home,0.328834071356316,0.4002623837602259,0.2709035448786009,0.6840624102533491,1.1122019978221804,0.5197135016790593,0.8856196214650477,draw,0
3857270,60,1:0,home,0.7735979600499547,0.1851256591638461,0.04127638078221106,0.0872331329848685,0.2567029718036715,0.5197135016790593,0.8856196214650477,home,1
3857270,75,1:0,home,0.8526305906291709,0.13318972508668553,0.014179684280536136,0.039658309133269565,0.1594288960674006,0.5197135016790593,0.8856196214650477,home,1
3857270,85,1:0,home,0.9399986522794702,0.058020097843027724,0.0019812498745145958,0.006970418833059699,0.061876837464359735,0.5197135016790593,0.8856196214650477,home,1
3857299,15,0:0,away,0.3929672983141538,0.2932178433416908,0.3138148583361378,0.7112500498385321,1.1589520901032813,0.695347261307692,1.12503333233311,home,0
3857299,30,0:1,away,0.13294989790585626,0.23372050924492,0.6333295928397396,0.2067481392819535,0.4567643085556721,0.695347261307692,1.12503333233311,away,1
3857299,45,0:2,away,0.020327239671268933,0.07579455492207708,0.903878205401797,0.015397410625268101,0.10106065620450048,0.695347261307692,1.12503333233311,away,1
3857299,60,1:2,away,0.05637331008979126,0.2139764112413286,0.7296502786648921,0.12205282648416846,0.315189929952616,0.695347261307692,1.12503333233311,away,1
3857299,75,2:3,away,0.01914857233428044,0.15394656535993526,0.8269048623021766,0.054028139503190416,0.19006563011387678,0.695347261307692,1.12503333233311,away,1
3857299,85,2:3,away,0.0026562155920140194,0.0670621910133697,0.9302815933916285,0.009365049164795157,0.07226795007290134,0.695347261307692,1.12503333233311,away,1
3857261,15,0:0,away,0.3929672983141538,0.2932178433416908,0.3138148583361378,0.7112500498385321,1.1589520901032813,0.695347261307692,1.12503333233311,home,0
3857261,30,0:0,away,0.36667040715077637,0.3360212502934693,0.2973083425462699,0.7411330335839728,1.21298548833489,0.695347261307692,1.12503333233311,home,0
3857261,45,0:0,away,0.328834071356316,0.4002623837602259,0.2709035448786009,0.7999234632087794,1.3059924444152378,0.695347261307692,1.12503333233311,draw,0
3857261,60,0:2,away,0.008248345315229938,0.04812496477456135,0.9436266899062207,0.005561997525921449,0.0580246466576429,0.695347261307692,1.12503333233311,away,1
3857261,75,0:3,away,8.255254483309921e-05,0.0013624585835909214,0.9985549888679682,3.951165486354739e-06,0.0014460561674641613,0.695347261307692,1.12503333233311,away,1
3857261,85,0:3,away,1.3066235183201976e-06,6.662562438313186e-05,0.9999320677491108,9.055471800332805e-09,6.793455838904955e-05,0.695347261307692,1.12503333233311,away,1
3857267,15,0:0,away,0.3929672983141538,0.2932178433416908,0.3138148583361378,0.7112500498385321,1.1589520901032813,0.695347261307692,1.12503333233311,home,0
3857267,30,0:0,away,0.36667040715077637,0.3360212502934693,0.2973083425462699,0.7411330335839728,1.21298548833489,0.695347261307692,1.12503333233311,home,0
3857267,45,0:1,away,0.096121794593346,0.23271227676297004,0.671165928638827,0.17152624964001562,0.39873888697867155,0.695347261307692,1.12503333233311,away,1
3857267,60,0:1,away,0.05637331008979126,0.2139764112413286,0.7296502786648921,0.12205282648416846,0.315189929952616,0.695347261307692,1.12503333233311,away,1
3857267,75,1:2,away,0.01914857233428044,0.15394656535993526,0.8269048623021766,0.054028139503190416,0.19006563011387678,0.695347261307692,1.12503333233311,away,1
3857267,85,1:2,away,0.0026562155920140194,0.0670621910133697,0.9302815933916285,0.009365049164795157,0.07226795007290134,0.695347261307692,1.12503333233311,away,1
3857278,15,0:0,away,0.3929672983141538,0.2932178433416908,0.3138148583361378,0.7112500498385321,1.1589520901032813,0.695347261307692,1.12503333233311,home,0
3857278,30,0:0,away,0.36667040715077637,0.3360212502934693,0.2973083425462699,0.7411330335839728,1.21298548833489,0.695347261307692,1.12503333233311,home,0
3857278,45,0:1,away,0.096121794593346,0.23271227676297004,0.671165928638827,0.17152624964001562,0.39873888697867155,0.695347261307692,1.12503333233311,away,1
3857278,60,0:1,away,0.05637331008979126,0.2139764112413286,0.7296502786648921,0.12205282648416846,0.315189929952616,0.695347261307692,1.12503333233311,away,1
3857278,75,0:1,away,0.01914857233428044,0.15394656535993526,0.8269048623021766,0.054028139503190416,0.19006563011387678,0.695347261307692,1.12503333233311,away,1
3857278,85,0:1,away,0.0026562155920140194,0.0670621910133697,0.9302815933916285,0.009365049164795157,0.07226795007290134,0.695347261307692,1.12503333233311,away,1
3857294,15,0:0,home,0.3929672983141538,0.2932178433416908,0.3138148583361378,0.5529451698825001,0.9340288809716082,0.5197135016790593,0.8856196214650477,home,1
3857294,30,1:0,home,0.7026916574442454,0.2022076315930103,0.09510071095325957,0.1383243220515199,0.35283709299869537,0.5197135016790593,0.8856196214650477,home,1
3857294,45,1:0,home,0.7290964551165421,0.20133534057021005,0.06956820430839092,0.11876438504364019,0.3159492441805542,0.5197135016790593,0.8856196214650477,home,1
3857294,60,2:0,home,0.9587236192138009,0.03602233507743647,0.0052540457047745796,0.003028953231506277,0.04215244249274429,0.5197135016790593,0.8856196214650477,home,1
3857294,75,2:0,home,0.9858203157158564,0.013251409467178734,0.0009282748133574031,0.00037752499339393754,0.014281176568718738,0.5197135016790593,0.8856196214650477,home,1
3857294,85,2:0,home,0.9980187501224979,0.0019373730522968585,4.3876822217737815e-05,7.680690596396237e-06,0.0019832151492660205,0.5197135016790593,0.8856196214650477,home,1
3857257,15,0:0,home,0.3929672983141538,0.2932178433416908,0.3138148583361378,0.5529451698825001,0.9340288809716082,0.5197135016790593,0.8856196214650477,home,1
3857257,30,0:0,home,0.36667040715077637,0.3360212502934693,0.2973083425462699,0.6024089043749599,1.0032919075955187,0.5197135016790593,0.8856196214650477,home,1
3857257,45,0:0,home,0.328834071356316,0.4002623837602259,0.2709035448786009,0.6840624102533491,1.1122019978221804,0.5197135016790593,0.8856196214650477,draw,0
3857257,60,1:0,home,0.7735979600499547,0.1851256591638461,0.04127638078221106,0.0872331329848685,0.2567029718036715,0.5197135016790593,0.8856196214650477,home,1
3857257,75,1:0,home,0.8526305906291709,0.13318972508668553,0.014179684280536136,0.039658309133269565,0.1594288960674006,0.5197135016790593,0.8856196214650477,home,1
3857257,85,1:0,home,0.9399986522794702,0.058020097843027724,0.0019812498745145958,0.006970418833059699,0.061876837464359735,0.5197135016790593,0.8856196214650477,home,1
3857260,15,0:0,away,0.3929672983141538,0.2932178433416908,0.3138148583361378,0.7112500498385321,1.1589520901032813,0.695347261307692,1.12503333233311,home,0
3857260,30,0:0,away,0.36667040715077637,0.3360212502934693,0.2973083425462699,0.7411330335839728,1.21298548833489,0.695347261307692,1.12503333233311,home,0
3857260,45,0:0,away,0.328834071356316,0.4002623837602259,0.2709035448786009,0.7999234632087794,1.3059924444152378,0.695347261307692,1.12503333233311,draw,0
3857260,60,0:2,away,0.008248345315229938,0.04812496477456135,0.9436266899062207,0.005561997525921449,0.0580246466576429,0.695347261307692,1.12503333233311,away,1
3857260,75,0:2,away,0.0014450111284240205,0.017703561205856422,0.9808514276621119,0.0006821719591101085,0.019334280772182737,0.695347261307692,1.12503333233311,away,1
3857260,85,0:2,away,6.793224790145206e-05,0.0025882833441125677,0.9973437844049982,1.3759306746846475e-05,0.002659749595076675,0.695347261307692,1.12503333233311,away,1
3857264,15,0:0,away,0.3929672983141538,0.2932178433416908,0.3138148583361378,0.7112500498385321,1.1589520901032813,0.695347261307692,1.12503333233311,home,0
3857264,30,0:0,away,0.36667040715077637,0.3360212502934693,0.2973083425462699,0.7411330335839728,1.21298548833489,0.695347261307692,1.12503333233311,home,0
3857264,45,0:0,away,0.328834071356316,0.4002623837602259,0.2709035448786009,0.7999234632087794,1.3059924444152378,0.695347261307692,1.12503333233311,draw,0
3857264,60,0:1,away,0.05637331008979126,0.2139764112413286,0.7296502786648921,0.12205282648416846,0.315189929952616,0.695347261307692,1.12503333233311,away,1
3857264,75,0:2,away,0.0014450111284240205,0.017703561205856422,0.9808514276621119,0.0006821719591101085,0.019334280772182737,0.695347261307692,1.12503333233311,away,1
3857264,85,0:2,away,6.793224790145206e-05,0.0025882833441125677,0.9973437844049982,1.3759306746846475e-05,0.002659749595076675,0.695347261307692,1.12503333233311,away,1
3857275,15,0:0,home,0.3929672983141538,0.2932178433416908,0.3138148583361378,0.5529451698825001,0.9340288809716082,0.5197135016790593,0.8856196214650477,home,1
3857275,30,0:0,home,0.36667040715077637,0.3360212502934693,0.2973083425462699,0.6024089043749599,1.0032919075955187,0.5197135016790593,0.8856196214650477,home,1
3857275,45,0:0,home,0.328834071356316,0.4002623837602259,0.2709035448786009,0.6840624102533491,1.1122019978221804,0.5197135016790593,0.8856196214650477,draw,0
3857275,60,1:0,home,0.7735979600499547,0.1851256591638461,0.04127638078221106,0.0872331329848685,0.2567029718036715,0.5197135016790593,0.8856196214650477,home,1
3857275,75,1:0,home,0.8526305906291709,0.13318972508668553,0.014179684280536136,0.039658309133269565,0.1594288960674006,0.5197135016790593,0.8856196214650477,home,1
3857275,85,1:0,home,0.9399986522794702,0.058020097843027724,0.0019812498745145958,0.006970418833059699,0.061876837464359735,0.5197135016790593,0.8856196214650477,home,1
3857255,15,0:1,home,0.16543708949877653,0.22753020881537725,0.6070327016778283,1.1167539484141256,1.7991642803048753,0.5197135016790593,0.8856196214650477,away,0
3857255,30,0:1,home,0.13294989790585626,0.23372050924492,0.6333295928397396,1.20750752914972,2.0177829292072333,0.5197135016790593,0.8856196214650477,away,0
3857255,45,0:1,home,0.096121794593346,0.23271227676297004,0.671165928638827,1.3216145177309775,2.3421391979453987,0.5197135016790593,0.8856196214650477,away,0
3857255,60,2:1,home,0.7735979600499547,0.1851256591638461,0.04127638078221106,0.0872331329848685,0.2567029718036715,0.5197135016790593,0.8856196214650477,home,1
3857255,75,2:1,home,0.8526305906291709,0.13318972508668553,0.014179684280536136,0.039658309133269565,0.1594288960674006,0.5197135016790593,0.8856196214650477,home,1
3857255,85,2:1,home,0.9399986522794702,0.058020097843027724,0.0019812498745145958,0.006970418833059699,0.061876837464359735,0.5197135016790593,0.8856196214650477,home,1
3857276,15,0:1,away,0.16543708949877653,0.22753020881537725,0.6070327016778283,0.23356272405602208,0.4991726151104962,0.695347261307692,1.12503333233311,away,1
3857276,30,0:2,away,0.03595350324862982,0.09699639465722652,0.8670501020846595,0.02837663032804914,0.14265851599967036,0.695347261307692,1.12503333233311,away,1
3857276,45,1:2,away,0.096121794593346,0.23271227676297004,0.671165928638827,0.17152624964001562,0.39873888697867155,0.695347261307692,1.12503333233311,away,1
3857276,60,1:2,away,0.05637331008979126,0.2139764112413286,0.7296502786648921,0.12205282648416846,0.315189929952616,0.695347261307692,1.12503333233311,away,1
3857276,75,1:2,away,0.01914857233428044,0.15394656535993526,0.8269048623021766,0.054028139503190416,0.19006563011387678,0.695347261307692,1.12503333233311,away,1
3857276,85,1:2,away,0.0026562155920140194,0.0670621910133697,0.9302815933916285,0.009365049164795157,0.07226795007290134,0.695347261307692,1.12503333233311,away,1
3857292,15,0:1,away,0.16543708949877653,0.22753020881537725,0.6070327016778283,0.23356272405602208,0.4991726151104962,0.695347261307692,1.12503333233311,away,1
3857292,30,0:1,away,0.13294989790585626,0.23372050924492,0.6333295928397396,0.2067481392819535,0.4567643085556721,0.695347261307692,1.12503333233311,away,1
3857292,45,0:1,away,0.096121794593346,0.23271227676297004,0.671165928638827,0.17152624964001562,0.39873888697867155,0.695347261307692,1.12503333233311,away,1
3857292,60,1:1,away,0.27034972133111984,0.503248238718835,0.22640203994605718,0.9248015653970454,1.4854429223312589,0.695347261307692,1.12503333233311,draw,0
3857292,75,2:2,away,0.17309513769421572,0.6795354529349552,0.14736940936722173,1.2187092825716945,1.914812855587337,0.695347261307692,1.12503333233311,draw,0
3857292,85,2:3,away,0.0026562155920140194,0.0670621910133697,0.9302815933916285,0.009365049164795157,0.07226795007290134,0.695347261307692,1.12503333233311,away,1
3857296,15,0:0,draw,0.3929672983141538,0.2932178433416908,0.3138148583361378,0.7524440798274261,1.2268394535850409,0.8188308976471597,1.3359822016977196,home,0
3857296,30,0:0,draw,0.36667040715077637,0.3360212502934693,0.2973083425462699,0.663707218089574,1.0905808760977689,0.8188308976471597,1.3359822016977196,home,0
3857296,45,0:0,draw,0.328834071356316,0.4002623837602259,0.2709035448786009,0.5412057854455293,0.9156349875209215,0.8188308976471597,1.3359822016977196,draw,1
3857296,60,0:0,draw,0.27034972133111984,0.503248238718835,0.22640203994605718,0.37110916785148984,0.6866717142819027,0.8188308976471597,1.3359822016977196,draw,1
3857296,75,0:0,draw,0.17309513769421572,0.6795354529349552,0.14736940936722173,0.1543771954362276,0.3863458717189617,0.8188308976471597,1.3359822016977196,draw,1
3857296,85,0:0,draw,0.06971840660538373,0.8702802456740864,0.0600013477175423,0.025288032609890425,0.13893999773902085,0.8188308976471597,1.3359822016977196,draw,1
3857256,15,0:0,away,0.3929672983141538,0.2932178433416908,0.3138148583361378,0.7112500498385321,1.1589520901032813,0.695347261307692,1.12503333233311,home,0
3857256,30,1:1,away,0.36667040715077637,0.3360212502934693,0.2973083425462699,0.7411330335839728,1.21298548833489,0.695347261307692,1.12503333233311,home,0
3857256,45,2:2,away,0.328834071356316,0.4002623837602259,0.2709035448786009,0.7999234632087794,1.3059924444152378,0.695347261307692,1.12503333233311,draw,0
3857256,60,2:3,away,0.05637331008979126,0.2139764112413286,0.7296502786648921,0.12205282648416846,0.315189929952616,0.695347261307692,1.12503333233311,away,1
3857256,75,2:3,away,0.01914857233428044,0.15394656535993526,0.8269048623021766,0.054028139503190416,0.19006563011387678,0.695347261307692,1.12503333233311,away,1
3857256,85,2:3,away,0.0026562155920140194,0.0670621910133697,0.9302815933916285,0.009365049164795157,0.07226795007290134,0.695347261307692,1.12503333233311,away,1
3857262,15,0:1,home,0.16543708949877653,0.22753020881537725,0.6070327016778283,1.1167539484141256,1.7991642803048753,0.5197135016790593,0.8856196214650477,away,0
3857262,30,1:1,home,0.36667040715077637,0.3360212502934693,0.2973083425462699,0.6024089043749599,1.0032919075955187,0.5197135016790593,0.8856196214650477,home,1
3857262,45,1:1,home,0.328834071356316,0.4002623837602259,0.2709035448786009,0.6840624102533491,1.1122019978221804,0.5197135016790593,0.8856196214650477,draw,0
3857262,60,1:1,home,0.27034972133111984,0.503248238718835,0.22640203994605718,0.83690620262692,1.3080388939254337,0.5197135016790593,0.8856196214650477,draw,0
3857262,75,1:1,home,0.17309513769421572,0.6795354529349552,0.14736940936722173,1.1672578259177067,1.7539139067715253,0.5197135016790593,0.8856196214650477,draw,0
3857262,85,1:1,home,0.06971840660538373,0.8702802456740864,0.0600013477175423,1.6264117107472955,2.6632909127884985,0.5197135016790593,0.8856196214650477,draw,0
3857280,15,0:0,home,0.3929672983141538,0.2932178433416908,0.3138148583361378,0.5529451698825001,0.9340288809716082,0.5197135016790593,0.8856196214650477,home,1
3857280,30,0:0,home,0.36667040715077637,0.3360212502934693,0.2973083425462699,0.6024089043749599,1.0032919075955187,0.5197135016790593,0.8856196214650477,home,1
3857280,45,0:0,home,0.328834071356316,0.4002623837602259,0.2709035448786009,0.6840624102533491,1.1122019978221804,0.5197135016790593,0.8856196214650477,draw,0
3857280,60,0:0,home,0.27034972133111984,0.503248238718835,0.22640203994605718,0.83690620262692,1.3080388939254337,0.5197135016790593,0.8856196214650477,draw,0
3857280,75,0:0,home,0.17309513769421572,0.6795354529349552,0.14736940936722173,1.1672578259177067,1.7539139067715253,0.5197135016790593,0.8856196214650477,draw,0
3857280,85,0:0,home,0.06971840660538373,0.8702802456740864,0.0600013477175423,1.6264117107472955,2.6632909127884985,0.5197135016790593,0.8856196214650477,draw,0
3857293,15,0:0,away,0.3929672983141538,0.2932178433416908,0.3138148583361378,0.7112500498385321,1.1589520901032813,0.695347261307692,1.12503333233311,home,0
3857293,30,0:1,away,0.13294989790585626,0.23372050924492,0.6333295928397396,0.2067481392819535,0.4567643085556721,0.695347261307692,1.12503333233311,away,1
3857293,45,0:2,away,0.020327239671268933,0.07579455492207708,0.903878205401797,0.015397410625268101,0.10106065620450048,0.695347261307692,1.12503333233311,away,1
3857293,60,0:2,away,0.008248345315229938,0.04812496477456135,0.9436266899062207,0.005561997525921449,0.0580246466576429,0.695347261307692,1.12503333233311,away,1
3857293,75,0:2,away,0.0014450111284240205,0.017703561205856422,0.9808514276621119,0.0006821719591101085,0.019334280772182737,0.695347261307692,1.12503333233311,away,1
3857293,85,0:2,away,6.793224790145206e-05,0.0025882833441125677,0.9973437844049982,1.3759306746846475e-05,0.002659749595076675,0.695347261307692,1.12503333233311,away,1
3869117,15,1:0,home,0.6861851416558443,0.19685197841330396,0.11696287992283373,0.1509107820026376,0.3766078018731804,0.5197135016790593,0.8856196214650477,home,1
3869117,30,1:0,home,0.7026916574442454,0.2022076315930103,0.09510071095325957,0.1383243220515199,0.35283709299869537,0.5197135016790593,0.8856196214650477,home,1
3869117,45,1:0,home,0.7290964551165421,0.20133534057021005,0.06956820430839092,0.11876438504364019,0.3159492441805542,0.5197135016790593,0.8856196214650477,home,1
3869117,60,2:0,home,0.9587236192138009,0.03602233507743647,0.0052540457047745796,0.003028953231506277,0.04215244249274429,0.5197135016790593,0.8856196214650477,home,1
3869117,75,2:0,home,0.9858203157158564,0.013251409467178734,0.0009282748133574031,0.00037752499339393754,0.014281176568718738,0.5197135016790593,0.8856196214650477,home,1
3869117,85,3:1,home,0.9980187501224979,0.0019373730522968585,4.3876822217737815e-05,7.680690596396237e-06,0.0019832151492660205,0.5197135016790593,0.8856196214650477,home,1
3869151,15,0:0,home,0.3929672983141538,0.2932178433416908,0.3138148583361378,0.5529451698825001,0.9340288809716082,0.5197135016790593,0.8856196214650477,home,1
3869151,30,0:0,home,0.36667040715077637,0.3360212502934693,0.2973083425462699,0.6024089043749599,1.0032919075955187,0.5197135016790593,0.8856196214650477,home,1
3869151,45,1:0,home,0.7290964551165421,0.20133534057021005,0.06956820430839092,0.11876438504364019,0.3159492441805542,0.5197135016790593,0.8856196214650477,home,1
3869151,60,2:0,home,0.9587236192138009,0.03602233507743647,0.0052540457047745796,0.003028953231506277,0.04215244249274429,0.5197135016790593,0.8856196214650477,home,1
3869151,75,2:0,home,0.9858203157158564,0.013251409467178734,0.0009282748133574031,0.00037752499339393754,0.014281176568718738,0.5197135016790593,0.8856196214650477,home,1
3869151,85,2:1,home,0.9399986522794702,0.058020097843027724,0.0019812498745145958,0.006970418833059699,0.061876837464359735,0.5197135016790593,0.8856196214650477,home,1
3869118,15,0:0,home,0.3929672983141538,0.2932178433416908,0.3138148583361378,0.5529451698825001,0.9340288809716082,0.5197135016790593,0.8856196214650477,home,1
3869118,30,0:0,home,0.36667040715077637,0.3360212502934693,0.2973083425462699,0.6024089043749599,1.0032919075955187,0.5197135016790593,0.8856196214650477,home,1
3869118,45,1:0,home,0.7290964551165421,0.20133534057021005,0.06956820430839092,0.11876438504364019,0.3159492441805542,0.5197135016790593,0.8856196214650477,home,1
3869118,60,3:0,home,0.9947459542912374,0.004742686357792795,0.0005113593469817851,5.0359558579906684e-05,0.00526789674420156,0.5197135016790593,0.8856196214650477,home,1
3869118,75,3:0,home,0.999071725183035,0.0008823186615901044,4.5956151767298664e-05,1.6422923242868209e-06,0.0009287059308483306,0.5197135016790593,0.8856196214650477,home,1
3869118,85,3:0,home,0.9999561231747947,4.314628895242818e-05,7.305332653096309e-07,3.787311719318701e-09,4.387778782139959e-05,0.5197135016790593,0.8856196214650477,home,1
3869152,15,0:0,home,0.3929672983141538,0.2932178433416908,0.3138148583361378,0.5529451698825001,0.9340288809716082,0.5197135016790593,0.8856196214650477,home,1
3869152,30,0:0,home,0.36667040715077637,0.3360212502934693,0.2973083425462699,0.6024089043749599,1.0032919075955187,0.5197135016790593,0.8856196214650477,home,1
3869152,45,1:0,home,0.7290964551165421,0.20133534057021005,0.06956820430839092,0.11876438504364019,0.3159492441805542,0.5197135016790593,0.8856196214650477,home,1
3869152,60,1:0,home,0.7735979600499547,0.1851256591638461,0.04127638078221106,0.0872331329848685,0.2567029718036715,0.5197135016790593,0.8856196214650477,home,1
3869152,75,2:0,home,0.9858203157158564,0.013251409467178734,0.0009282748133574031,0.00037752499339393754,0.014281176568718738,0.5197135016790593,0.8856196214650477,home,1
3869152,85,2:0,home,0.9980187501224979,0.0019373730522968585,4.3876822217737815e-05,7.680690596396237e-06,0.0019832151492660205,0.5197135016790593,0.8856196214650477,home,1
3869219,15,0:0,draw,0.3929672983141538,0.2932178433416908,0.3138148583361378,0.7524440798274261,1.2268394535850409,0.8188308976471597,1.3359822016977196,home,0
3869219,30,0:0,draw,0.36667040715077637,0.3360212502934693,0.2973083425462699,0.663707218089574,1.0905808760977689,0.8188308976471597,1.3359822016977196,home,0
3869219,45,1:0,draw,0.7290964551165421,0.20133534057021005,0.06956820430839092,1.1742866141363042,1.6027834000455428,0.8188308976471597,1.3359822016977196,home,0
3869219,60,1:1,draw,0.27034972133111984,0.503248238718835,0.22640203994605718,0.37110916785148984,0.6866717142819027,0.8188308976471597,1.3359822016977196,draw,1
3869219,75,1:1,draw,0.17309513769421572,0.6795354529349552,0.14736940936722173,0.1543771954362276,0.3863458717189617,0.8188308976471597,1.3359822016977196,draw,1
3869219,85,1:1,draw,0.06971840660538373,0.8702802456740864,0.0600013477175423,0.025288032609890425,0.13893999773902085,0.8188308976471597,1.3359822016977196,draw,1
3869253,15,2:0,home,0.8830371200691484,0.08381507859710635,0.03314780132572741,0.021804059414687826,0.12438804067836655,0.5197135016790593,0.8856196214650477,home,1
3869253,30,3:0,home,0.9775027007179394,0.01831609651652261,0.004181202756053176,0.0008590903230764012,0.02275422424363048,0.5197135016790593,0.8856196214650477,home,1
3869253,45,4:0,home,0.9981658363610301,0.0016209425433233355,0.00021322109078977856,6.037074216832531e-06,0.0018358477767350962,0.5197135016790593,0.8856196214650477,home,1
3869253,60,4:0,home,0.9994886406490302,0.0004711512233029,4.020812367888507e-05,4.850885542538485e-07,0.0005114901397513214,0.5197135016790593,0.8856196214650477,home,1
3869253,75,4:0,home,0.999954043844625,4.412843357824095e-05,1.827718189057715e-06,4.062627420694271e-09,4.5957211391410975e-05,0.5197135016790593,0.8856196214650477,home,1
3869253,85,4:1,home,0.9999561231747947,4.314628895242818e-05,7.305332653096309e-07,3.787311719318701e-09,4.387778782139959e-05,0.5197135016790593,0.8856196214650477,home,1
3869220,15,0:0,draw,0.3929672983141538,0.2932178433416908,0.3138148583361378,0.7524440798274261,1.2268394535850409,0.8188308976471597,1.3359822016977196,home,0
3869220,30,0:0,draw,0.36667040715077637,0.3360212502934693,0.2973083425462699,0.663707218089574,1.0905808760977689,0.8188308976471597,1.3359822016977196,home,0
3869220,45,0:0,draw,0.328834071356316,0.4002623837602259,0.2709035448786009,0.5412057854455293,0.9156349875209215,0.8188308976471597,1.3359822016977196,draw,1
3869220,60,0:0,draw,0.27034972133111984,0.503248238718835,0.22640203994605718,0.37110916785148984,0.6866717142819027,0.8188308976471597,1.3359822016977196,draw,1
3869220,75,0:0,draw,0.17309513769421572,0.6795354529349552,0.14736940936722173,0.1543771954362276,0.3863458717189617,0.8188308976471597,1.3359822016977196,draw,1
3869220,85,0:0,draw,0.06971840660538373,0.8702802456740864,0.0600013477175423,0.025288032609890425,0.13893999773902085,0.8188308976471597,1.3359822016977196,draw,1
3869254,15,0:0,home,0.3929672983141538,0.2932178433416908,0.3138148583361378,0.5529451698825001,0.9340288809716082,0.5197135016790593,0.8856196214650477,home,1
3869254,30,1:0,home,0.7026916574442454,0.2022076315930103,0.09510071095325957,0.1383243220515199,0.35283709299869537,0.5197135016790593,0.8856196214650477,home,1
3869254,45,2:0,home,0.9304317956867522,0.05673348265787085,0.012834721650520088,0.008223153185707056,0.07210650414970703,0.5197135016790593,0.8856196214650477,home,1
3869254,60,4:1,home,0.9947459542912374,0.004742686357792795,0.0005113593469817851,5.0359558579906684e-05,0.00526789674420156,0.5197135016790593,0.8856196214650477,home,1
3869254,75,5:1,home,0.999954043844625,4.412843357824095e-05,1.827718189057715e-06,4.062627420694271e-09,4.5957211391410975e-05,0.5197135016790593,0.8856196214650477,home,1
3869254,85,5:1,home,0.9999992694637471,7.207910928797279e-07,9.74217242990285e-09,1.0533179263511371e-12,7.30536519777026e-07,0.5197135016790593,0.8856196214650477,home,1
3869321,15,0:0,draw,0.3929672983141538,0.2932178433416908,0.3138148583361378,0.7524440798274261,1.2268394535850409,0.8188308976471597,1.3359822016977196,home,0
3869321,30,0:0,draw,0.36667040715077637,0.3360212502934693,0.2973083425462699,0.663707218089574,1.0905808760977689,0.8188308976471597,1.3359822016977196,home,0
3869321,45,0:1,draw,0.096121794593346,0.23271227676297004,0.671165928638827,1.0484335533917295,1.4579524521670868,0.8188308976471597,1.3359822016977196,away,0
3869321,60,0:1,draw,0.05637331008979126,0.2139764112413286,0.7296502786648921,1.1534005613312954,1.5418894978800797,0.8188308976471597,1.3359822016977196,away,0
3869321,75,0:2,draw,0.0014450111284240205,0.017703561205856422,0.9808514276621119,1.926977904871621,4.033989461568987,0.8188308976471597,1.3359822016977196,away,0
3869321,85,1:2,draw,0.0026562155920140194,0.0670621910133697,0.9302815933916285,1.7358038539213128,2.7021348660445974,0.8188308976471597,1.3359822016977196,away,0
3869420,15,0:0,draw,0.3929672983141538,0.2932178433416908,0.3138148583361378,0.7524440798274261,1.2268394535850409,0.8188308976471597,1.3359822016977196,home,0
3869420,30,0:0,draw,0.36667040715077637,0.3360212502934693,0.2973083425462699,0.663707218089574,1.0905808760977689,0.8188308976471597,1.3359822016977196,home,0
3869420,45,0:0,draw,0.328834071356316,0.4002623837602259,0.2709035448786009,0.5412057854455293,0.9156349875209215,0.8188308976471597,1.3359822016977196,draw,1
3869420,60,0:0,draw,0.27034972133111984,0.503248238718835,0.22640203994605718,0.37110916785148984,0.6866717142819027,0.8188308976471597,1.3359822016977196,draw,1
3869420,75,0:0,draw,0.17309513769421572,0.6795354529349552,0.14736940936722173,0.1543771954362276,0.3863458717189617,0.8188308976471597,1.3359822016977196,draw,1
3869420,85,0:0,draw,0.06971840660538373,0.8702802456740864,0.0600013477175423,0.025288032609890425,0.13893999773902085,0.8188308976471597,1.3359822016977196,draw,1
3869354,15,0:0,away,0.3929672983141538,0.2932178433416908,0.3138148583361378,0.7112500498385321,1.1589520901032813,0.695347261307692,1.12503333233311,home,0
3869354,30,0:1,away,0.13294989790585626,0.23372050924492,0.6333295928397396,0.2067481392819535,0.4567643085556721,0.695347261307692,1.12503333233311,away,1
3869354,45,0:1,away,0.096121794593346,0.23271227676297004,0.671165928638827,0.17152624964001562,0.39873888697867155,0.695347261307692,1.12503333233311,away,1
3869354,60,1:1,away,0.27034972133111984,0.503248238718835,0.22640203994605718,0.9248015653970454,1.4854429223312589,0.695347261307692,1.12503333233311,draw,0
3869354,75,1:1,away,0.17309513769421572,0.6795354529349552,0.14736940936722173,1.2187092825716945,1.914812855587337,0.695347261307692,1.12503333233311,draw,0
3869354,85,1:2,away,0.0026562155920140194,0.0670621910133697,0.9302815933916285,0.009365049164795157,0.07226795007290134,0.695347261307692,1.12503333233311,away,1
3869486,15,0:0,home,0.3929672983141538,0.2932178433416908,0.3138148583361378,0.5529451698825001,0.9340288809716082,0.5197135016790593,0.8856196214650477,home,1
3869486,30,0:0,home,0.36667040715077637,0.3360212502934693,0.2973083425462699,0.6024089043749599,1.0032919075955187,0.5197135016790593,0.8856196214650477,home,1
3869486,45,1:0,home,0.7290964551165421,0.20133534057021005,0.06956820430839092,0.11876438504364019,0.3159492441805542,0.5197135016790593,0.8856196214650477,home,1
3869486,60,1:0,home,0.7735979600499547,0.1851256591638461,0.04127638078221106,0.0872331329848685,0.2567029718036715,0.5197135016790593,0.8856196214650477,home,1
3869486,75,1:0,home,0.8526305906291709,0.13318972508668553,0.014179684280536136,0.039658309133269565,0.1594288960674006,0.5197135016790593,0.8856196214650477,home,1
3869486,85,1:0,home,0.9399986522794702,0.058020097843027724,0.0019812498745145958,0.006970418833059699,0.061876837464359735,0.5197135016790593,0.8856196214650477,home,1
3869519,15,0:0,home,0.3929672983141538,0.2932178433416908,0.3138148583361378,0.5529451698825001,0.9340288809716082,0.5197135016790593,0.8856196214650477,home,1
3869519,30,0:0,home,0.36667040715077637,0.3360212502934693,0.2973083425462699,0.6024089043749599,1.0032919075955187,0.5197135016790593,0.8856196214650477,home,1
3869519,45,2:0,home,0.9304317956867522,0.05673348265787085,0.012834721650520088,0.008223153185707056,0.07210650414970703,0.5197135016790593,0.8856196214650477,home,1
3869519,60,2:0,home,0.9587236192138009,0.03602233507743647,0.0052540457047745796,0.003028953231506277,0.04215244249274429,0.5197135016790593,0.8856196214650477,home,1
3869519,75,3:0,home,0.999071725183035,0.0008823186615901044,4.5956151767298664e-05,1.6422923242868209e-06,0.0009287059308483306,0.5197135016790593,0.8856196214650477,home,1
3869519,85,3:0,home,0.9999561231747947,4.314628895242818e-05,7.305332653096309e-07,3.787311719318701e-09,4.387778782139959e-05,0.5197135016790593,0.8856196214650477,home,1
3869552,15,1:0,home,0.6861851416558443,0.19685197841330396,0.11696287992283373,0.1509107820026376,0.3766078018731804,0.5197135016790593,0.8856196214650477,home,1
3869552,30,1:0,home,0.7026916574442454,0.2022076315930103,0.09510071095325957,0.1383243220515199,0.35283709299869537,0.5197135016790593,0.8856196214650477,home,1
3869552,45,1:0,home,0.7290964551165421,0.20133534057021005,0.06956820430839092,0.11876438504364019,0.3159492441805542,0.5197135016790593,0.8856196214650477,home,1
3869552,60,1:0,home,0.7735979600499547,0.1851256591638461,0.04127638078221106,0.0872331329848685,0.2567029718036715,0.5197135016790593,0.8856196214650477,home,1
3869552,75,1:0,home,0.8526305906291709,0.13318972508668553,0.014179684280536136,0.039658309133269565,0.1594288960674006,0.5197135016790593,0.8856196214650477,home,1
3869552,85,2:0,home,0.9980187501224979,0.0019373730522968585,4.3876822217737815e-05,7.680690596396237e-06,0.0019832151492660205,0.5197135016790593,0.8856196214650477,home,1
3869684,15,1:1,home,0.3929672983141538,0.2932178433416908,0.3138148583361378,0.5529451698825001,0.9340288809716082,0.5197135016790593,0.8856196214650477,home,1
3869684,30,1:1,home,0.36667040715077637,0.3360212502934693,0.2973083425462699,0.6024089043749599,1.0032919075955187,0.5197135016790593,0.8856196214650477,home,1
3869684,45,2:1,home,0.7290964551165421,0.20133534057021005,0.06956820430839092,0.11876438504364019,0.3159492441805542,0.5197135016790593,0.8856196214650477,home,1
3869684,60,2:1,home,0.7735979600499547,0.1851256591638461,0.04127638078221106,0.0872331329848685,0.2567029718036715,0.5197135016790593,0.8856196214650477,home,1
3869684,75,2:1,home,0.8526305906291709,0.13318972508668553,0.014179684280536136,0.039658309133269565,0.1594288960674006,0.5197135016790593,0.8856196214650477,home,1
3869684,85,2:1,home,0.9399986522794702,0.058020097843027724,0.0019812498745145958,0.006970418833059699,0.061876837464359735,0.5197135016790593,0.8856196214650477,home,1
3869685,15,0:0,draw,0.3929672983141538,0.2932178433416908,0.3138148583361378,0.7524440798274261,1.2268394535850409,0.8188308976471597,1.3359822016977196,home,0
3869685,30,1:0,draw,0.7026916574442454,0.2022076315930103,0.09510071095325957,1.1392923737539902,1.5984602303136932,0.8188308976471597,1.3359822016977196,home,0
3869685,45,2:0,draw,0.9304317956867522,0.05673348265787085,0.012834721650520088,1.7556197792434698,2.86939071947206,0.8188308976471597,1.3359822016977196,home,0
3869685,60,2:0,draw,0.9587236192138009,0.03602233507743647,0.0052540457047745796,1.848431521504235,3.3236161140885354,0.8188308976471597,1.3359822016977196,home,0
3869685,75,2:0,draw,0.9858203157158564,0.013251409467178734,0.0009282748133574031,1.9455153374907492,4.323651357325899,0.8188308976471597,1.3359822016977196,home,0
3869685,85,2:2,draw,0.06971840660538373,0.8702802456740864,0.0600013477175423,0.025288032609890425,0.13893999773902085,0.8188308976471597,1.3359822016977196,draw,1
