season,match_id,second,home_goal
3,8650,769,0
3,8650,1848,0
3,8650,4520,1
3,7584,2839,0
3,7584,3094,0
3,7584,4133,1
3,7584,4403,1
3,7584,5624,1
3,7554,468,1
3,7554,1295,1
3,7554,2109,1
3,7554,2354,1
3,7554,2716,1
3,7554,3665,1
3,7554,4636,0
3,7539,2217,0
3,7539,3598,0
3,7539,5141,1
3,7550,288,1
3,7550,3115,0
3,7550,5377,0
3,7538,3877,1
3,7534,2072,0
3,7543,3214,0
3,7544,1331,1
3,7546,2018,1
3,7545,3155,0
3,7545,4794,0
3,7545,5445,0
3,7585,3414,0
3,7585,5552,1
3,7569,1959,1
3,7569,3016,0
3,7569,3921,0
3,7572,3535,0
3,7561,3152,0
3,7561,4509,1
3,7561,5383,0
3,7540,2792,1
3,7540,3517,1
3,7540,3669,1
3,7540,4360,0
3,7531,1116,1
3,7531,1369,0
3,7570,3003,0
3,7586,3952,1
3,7557,2659,0
3,7557,5567,1
3,7542,235,1
3,8656,286,0
3,8656,4064,1
3,7548,5423,1
3,7548,5805,1
3,7578,5339,0
3,7553,1522,0
3,7553,3924,0
3,7553,5526,1
3,7536,2800,1
3,7536,4091,1
3,7536,4480,1
3,7555,2343,0
3,7555,4142,0
3,7555,4482,0
3,7576,208,1
3,7576,1382,0
3,7576,2616,1
3,7576,3242,0
3,7576,3441,0
3,7576,5222,1
3,7565,2098,0
3,7565,4038,0
3,7551,1904,0
3,7551,2848,1
3,7551,5682,1
3,7537,637,0
3,7537,2090,1
3,7537,5431,0
3,7580,762,1
3,7580,2443,0
3,7580,2855,0
3,7580,3408,1
3,7580,3788,1
3,7580,4069,1
3,7580,5522,0
3,7581,57,0
3,7581,219,1
3,7549,2904,1
3,7549,4457,1
3,7529,1912,1
3,7529,4251,1
3,7562,1034,0
3,7562,2949,0
3,7571,4409,0
3,7568,1824,1
3,7568,3325,0
3,7568,5220,1
3,7568,5574,0
3,7530,3429,1
3,7530,3676,0
3,7530,4795,1
3,7558,568,1
3,7558,1362,1
3,7558,5388,1
3,7583,3018,1
3,7583,5275,1
3,7547,367,1
3,7547,2276,0
3,7535,3359,0
3,8649,2369,0
3,8649,3646,0
3,8658,1076,1
3,8658,1673,0
3,8658,2276,1
3,8658,3513,1
3,8658,3876,1
3,8658,4088,0
3,7582,661,1
3,7582,2455,0
3,7552,360,1
3,7552,919,1
3,7552,1027,0
3,7552,2877,1
3,7552,3036,1
3,7552,5356,1
3,7552,5544,0
3,7532,3512,0
3,7560,803,0
3,7560,1130,1
3,7560,4834,0
3,7560,5408,1
3,7533,1145,1
3,7533,2969,0
3,7564,832,0
3,7564,3024,1
3,7564,5148,0
3,7579,399,1
3,7579,3253,0
3,7579,3668,1
3,7577,5649,0
3,7525,692,1
3,7525,2531,1
3,7525,4250,1
3,7525,5446,1
3,7525,5637,1
3,7566,2987,0
3,7566,3694,0
3,7566,4413,0
3,8651,1787,0
3,8651,3480,0
3,7567,5469,1
3,7567,5753,1
3,7541,315,0
3,7541,2290,1
3,7541,4359,0
3,8655,3035,1
3,8657,217,1
3,8657,4887,1
3,8652,1848,1
3,8652,2338,0
3,7556,655,0
3,7556,2000,1
3,7556,4223,0
3,7556,4650,1
3,7559,1285,0
3,7559,3035,1
3,7559,5645,1
106,3857276,209,0
106,3857276,1356,0
106,3857276,2390,1
106,3857271,2049,1
106,3857271,2566,1
106,3857271,2717,1
106,3857271,3686,1
106,3857271,3873,0
106,3857271,4251,1
106,3857271,5341,1
106,3857271,6150,0
106,3857274,303,1
106,3857274,2924,0
106,3857255,660,0
106,3857255,2868,1
106,3857255,3014,1
106,3857278,2269,0
106,3857273,5876,0
106,3857273,6037,0
106,3857275,3440,1
106,3857261,2957,0
106,3857261,3053,0
106,3857261,4060,0
106,3857290,2853,1
106,3857298,3860,1
106,3857298,4331,0
106,3857298,4626,1
106,3857298,4761,1
106,3857298,5308,0
106,3857285,5030,0
106,3857285,5898,0
106,3857282,2112,1
106,3857282,4893,0
106,3857297,2337,1
106,3857297,4888,1
106,3857294,1555,1
106,3857294,2935,1
106,3857266,3625,1
106,3857266,4035,0
106,3857266,5109,1
106,3857284,1955,1
106,3857284,4486,0
106,3857284,4962,0
106,3857301,2420,0
106,3857301,2871,0
106,3857301,4659,1
106,3857301,4986,0
106,3857268,2612,1
106,3857269,4935,1
106,3869321,2044,0
106,3869321,4359,0
106,3869321,4937,1
106,3869321,6032,1
106,3857292,571,0
106,3857292,3459,1
106,3857292,4147,1
106,3857292,4324,0
106,3857292,5042,0
106,3857292,5293,0
106,3857295,4808,0
106,3869685,1344,1
106,3869685,2122,1
106,3869685,4764,0
106,3869685,4859,0
106,3869684,388,1
106,3869684,497,0
106,3869684,2503,1
106,3857256,1151,0
106,3857256,1556,1
106,3857256,2068,1
106,3857256,2621,0
106,3857256,2858,0
106,3869151,2075,1
106,3869151,3401,1
106,3869151,4571,0
106,3857257,3596,1
106,3857258,3718,1
106,3857258,4374,1
106,3857288,1370,0
106,3857267,2621,0
106,3857267,4018,1
106,3857267,4170,0
106,3869486,2496,1
106,3857260,2812,0
106,3857260,3116,0
106,3857260,5680,1
106,3857264,2753,0
106,3857264,4017,0
106,3857289,3812,1
106,3857289,5199,1
106,3869254,1003,1
106,3869254,1955,1
106,3869254,3005,1
106,3869254,3295,1
106,3869254,3425,0
106,3869254,3972,1
106,3869254,5472,1
106,3869118,2280,1
106,3869118,2837,1
106,3869118,3403,1
106,3869519,2007,1
106,3869519,2306,1
106,3869519,4126,1
106,3869354,982,0
106,3869354,3207,1
106,3869354,4630,0
106,3869552,280,1
106,3869552,4729,1
106,3869219,2574,1
106,3869219,3294,0
106,3869253,401,1
106,3869253,738,1
106,3869253,1693,1
106,3869253,2145,1
106,3869253,4547,0
106,3869152,2608,1
106,3869152,4436,1
106,3869152,5405,1
106,3869152,5916,0
106,3869117,571,1
106,3869117,2736,1
106,3869117,4520,0
106,3869117,4828,1
106,3857270,3220,1
106,3857270,5539,1
106,3857263,3693,1
106,3857263,4945,0
106,3857259,1687,1
106,3857259,2722,0
106,3857259,2872,0
106,3857259,3146,0
106,3857259,3772,1
106,3857259,3925,1
106,3857283,4357,0
106,3857283,5511,0
106,3857286,949,0
106,3857286,1844,0
106,3857300,555,1
106,3857300,2860,0
106,3857300,3164,0
106,3857299,1423,0
106,3857299,2029,0
106,3857299,3439,1
106,3857299,3607,1
106,3857299,4072,0
106,3857293,1530,0
106,3857293,1862,0
106,3857291,652,1
106,3857291,1232,1
106,3857291,1809,1
106,3857291,3221,1
106,3857291,4439,1
106,3857291,5351,1
106,3857291,5517,1
106,3857281,68,0
106,3857281,2153,1
106,3857281,2612,1
106,3857281,4176,1
106,3857281,5606,1
106,3857280,5508,1
106,3857279,504,0
106,3857279,1562,1
106,3857279,1878,1
106,3857279,4023,1
106,3857279,4250,1
106,3857262,293,0
106,3857262,1603,1
106,3857262,5428,1
